48_DWP_tray_barcode,heart_position
14326,A1
14326,A2
14326,A3
14326,B2
14326,B3
14326,B4
14326,B5
14326,C2
14326,C3
14326,C4
14326,C5
14326,D2
14326,D3
14326,D4
14326,D5
14326,E2
14326,E3
14326,E4
14326,E5
14326,F2
14326,F3
14326,F4
14326,F5
14326,G3
14326,G4
14326,G5
14327,C2
14327,C3
14327,C4
14327,C5
14327,D2
14327,D3
14327,D4
14327,D5
14327,E2
14327,E3
14327,E4
14327,E5
14327,F3
14327,F4
14327,F5
16122,B2
16122,B3
16122,B4
16122,B5
16122,C2
16122,C3
16122,C4
16122,C5
16122,D2
16122,D3
16122,D4
16122,D5
16122,E2
16122,E3
16122,E4
16122,E5
16122,F2
16122,F3
16122,F4
16122,F5
16122,G1
16122,G2
16122,G3
16122,G4
16122,G5
16122,H1
16122,H2
16122,H3
16120,B4
16120,B5
16120,C4
16120,C5
16120,D4
16120,D5
16120,E2
16120,E3
16120,E4
16120,E5
16120,F2
16120,F3
16120,F4
16120,F5
16120,G2
16120,G3
16120,G4
16120,G5
14452,B3
14452,B4
14452,B5
14452,C3
14452,C4
14452,C5
14452,D3
14452,D4
14452,D5
14452,E3
14452,E4
14452,E5
14452,F3
14452,F4
14452,F5
16174,B2
16174,B3
16174,B4
16174,B5
16174,C2
16174,C3
16174,C4
16174,C5
16174,D1
16174,D2
16174,D3
16174,D4
16174,E1
16174,E2
16174,E3
16174,E4
16174,F1
16174,F2
16174,F3
16174,F4
14368,A2
14368,A3
14368,A4
14368,A5
14368,B2
14368,B3
14368,B4
14368,B5
14368,C2
14368,C3
14368,C4
14368,C5
14368,D2
14368,D3
14368,D4
14368,D5
14368,E2
14368,E3
14368,E4
14368,E5
14368,F2
14368,F3
14368,F4
14368,F5
14368,G2
14368,G3
14368,G4
14368,G5
14307,B2
14307,B3
14307,B4
14307,B5
14307,C2
14307,C3
14307,C4
14307,C5
14307,D2
14307,D3
14307,D4
14307,D5
14307,E2
14307,E3
14307,E4
14307,E5
14307,F2
14307,F3
14307,F4
14307,F5
14307,G2
14307,G3
14307,G4
14307,G5
14307,H2
14307,H3
14307,H4
14307,H5
16138,A1
16138,A2
16138,A3
16138,A4
16138,A5
16138,B1
16138,B2
16138,B3
16138,B4
16138,B5
16138,C1
16138,C2
16138,C3
16138,C4
16138,C5
16138,D1
16138,D2
16138,D3
16138,D4
16138,D5
16138,E1
16138,E2
16138,E3
16138,E4
16138,E5
16138,F1
16138,F2
16138,F3
16138,F4
16138,F5
16138,G2
16138,G3
16138,G4
16138,G5
16133,C3
16133,C4
16133,C5
16133,D2
16133,D3
16133,D4
16133,D5
16133,E2
16133,E3
16133,E4
16133,E5
16133,F2
16133,F3
16133,F4
16133,F5
16133,G2
16133,G3
16133,G4
16133,G5
14290,E2
14290,E3
14290,E5
14290,F2
14290,F3
14290,F4
14290,G2
14290,G3
14290,G4
14342,C2
14342,C3
14342,C4
14342,C5
14342,D2
14342,D3
14342,D4
14342,D5
14342,E2
14342,E3
14342,E4
14342,E5
14342,F2
14342,F3
14342,F4
14342,F5
14342,G2
14342,G3
14342,G4
14342,G5
14342,H2
14342,H3
14342,H4
14342,H5
14450,D2
14450,D3
14450,D4
14450,D5
14450,E2
14450,E3
14450,E4
14450,E5
14450,F2
14450,F3
14450,F4
14450,G2
14450,G3
14450,G4
14450,G5
14354,D2
14354,D3
14354,D4
14354,D5
14354,E2
14354,E3
14354,E4
14354,E5
14354,F2
14354,F3
14354,F4
14354,F5
14394,A1
14394,A2
14394,A3
14394,A4
14394,A5
14394,B1
14394,B2
14394,B3
14394,B4
14394,B5
14394,C1
14394,C2
14394,C3
14394,C4
14394,C5
14394,D1
14394,D2
14394,D3
14394,D4
14394,D5
14394,E1
14394,E2
14394,E3
14394,E4
14394,E5
14394,F1
14394,F2
14394,F3
14394,F4
14394,F5
14394,G1
14394,G2
14394,G3
14394,G4
14394,G5
16145,C1
16145,C2
16145,C3
16145,C4
16145,C5
16145,D1
16145,D2
16145,D3
16145,D4
16145,D5
16145,E1
16145,E2
16145,E3
16145,E4
16145,E5
16145,F1
16145,F2
16145,F3
16145,F4
16145,F5
16145,G1
16145,G2
16145,G3
16145,G4
16145,G5
16145,H1
16145,H2
16145,H3
16145,H4
16145,H5
16117,C2
16117,C3
16117,C4
16117,C5
16117,D2
16117,D3
16117,D4
16117,D5
16117,E2
16117,E3
16117,E4
16117,E5
16117,F2
16117,F3
16117,F4
16117,F5
14367,B2
14367,B3
14367,B4
14367,B5
14367,C2
14367,C3
14367,C4
14367,C5
14367,D2
14367,D3
14367,D4
14367,D5
14367,E2
14367,E3
14367,E4
14367,E5
14367,F2
14367,F3
14367,F4
14367,F5
14367,G2
14367,G3
14367,G4
14367,G5
14349,B2
14349,B3
14349,B4
14349,C2
14349,C3
14349,C4
14349,D2
14349,D3
14349,D4
14349,E2
14349,E3
14349,E4
14349,F2
14349,F3
14349,F4
16143,B2
16143,B3
16143,B4
16143,C2
16143,C3
16143,C4
16143,C5
16143,D2
16143,D3
16143,D4
16143,D5
16143,E2
16143,E3
16143,E4
16143,E5
16143,F2
16143,F3
16143,F4
16143,F5
16085,B4
16085,B5
16085,C4
16085,C5
16085,D2
16085,D3
16085,D4
16085,D5
16085,E2
16085,E3
16085,E4
16085,E5
16085,F2
16085,F3
16085,F4
16085,F5
14428,B2
14428,B3
14428,B4
14428,B5
14428,C2
14428,C3
14428,C4
14428,C5
14428,D2
14428,D3
14428,D4
14428,D5
14428,E2
14428,E3
14428,E4
14428,E5
14428,F2
14428,F3
14428,F4
14428,F5
14428,G2
14428,G3
14428,G4
14428,G5
16119,B2
16119,B3
16119,B4
16119,B5
16119,C2
16119,C3
16119,C4
16119,C5
16119,D2
16119,D3
16119,D4
16119,D5
16119,E2
16119,E3
16119,E4
16119,E5
16119,F2
16119,F3
16119,F4
16119,F5
16119,G2
16119,G3
16119,G4
16119,G5
14324,B2
14324,B3
14324,B4
14324,B5
14324,C2
14324,C3
14324,C4
14324,C5
14324,D2
14324,D3
14324,D4
14324,D5
14324,E2
14324,E3
14324,E4
14324,E5
14324,F2
14324,F3
14324,F4
14324,F5
2837,A2
2837,A3
2837,A4
2837,A5
2837,B2
2837,B3
2837,B4
2837,B5
2837,G2
2837,G3
2837,G4
2837,G5
2837,H2
2837,H3
2837,H4
2837,H5
2925,B4
2925,B5
2925,C2
2925,C4
2925,C5
2925,D2
2925,D4
2925,E2
2925,E3
2925,E4
2925,E5
2925,F2
2925,F3
2925,F4
2925,F5
2925,G2
2925,G3
2925,G4
2925,G5
2787,B2
2787,B3
2787,B4
2787,C2
2787,C3
2787,C4
2787,C5
2787,D2
2787,D3
2787,D4
2787,D5
2787,E2
2787,E3
2787,E4
2787,E5
2787,F3
2787,F4
2787,F5
2931,F2
2931,F3
2931,F4
2931,G2
2931,G3
2931,G4
2931,G5
2931,H2
2931,H3
2931,H4
2931,H5
2832,D2
2832,E2
2832,E3
2832,E4
2832,F2
2832,F3
2832,F4
2838,G2
2838,G3
2838,G4
2838,G5
2838,H2
2838,H3
2838,H4
2838,H5
2841,A2
2841,A3
2841,A4
2841,A5
2841,B2
2841,B3
2841,B4
2841,B5
2841,G1
2841,G2
2841,G3
2841,G4
2841,G5
2841,H1
2841,H2
2841,H3
2841,H4
2841,H5
2791,G2
2791,G3
2791,G4
2791,G5
2791,H2
2791,H3
2791,H4
2791,H5
2836,B2
2836,B3
2836,B4
2836,B5
2836,C2
2836,C3
2836,C4
2836,C5
2836,D2
2836,D3
2836,D4
2836,D5
2836,E2
2836,E3
2836,E4
2836,E5
2836,F2
2836,F3
2836,F4
2836,F5
2836,G2
2836,G3
2836,G4
2836,G5
2836,H2
2836,H3
2836,H4
2836,H5
2842,A2
2842,A3
2842,A4
2842,A5
2842,B2
2842,B3
2842,B4
2842,C3
2842,C4
2842,C5
2842,G2
2842,G3
2842,G4
2842,H2
2842,H3
2842,H4
2927,A1
2927,A2
2927,A3
2927,A4
2927,B1
2927,B3
2927,B4
2927,C2
21940,C2
21940,C3
21940,C4
21940,D2
21940,D3
21940,D4
21940,D5
21940,E2
21940,E3
21940,E4
21940,E5
21940,F2
21940,F3
21940,F4
21940,F5
21940,G2
21940,G3
21940,G4
21940,G5
21939,C3
21939,C4
21939,C5
21939,D2
21939,D3
21939,D4
21939,D5
21939,E2
21939,E3
21939,E4
21939,E5
21939,F2
21939,F3
21939,F4
21939,F5
21939,G2
21939,G3
21939,G4
21939,G5
21939,H2
21939,H3
21939,H4
21939,H5
22221,A1
22221,A2
22221,A3
22221,A4
22221,A5
22221,B1
22221,B2
22221,B3
22221,B4
22221,B5
22221,B6
22221,C1
22221,C2
22221,C5
22221,C6
22221,D5
22221,D6
22221,G2
22221,G3
22221,G4
22221,G5
22221,H2
22221,H3
22221,H4
22221,H5
21941,C2
21941,C3
21941,C4
21941,D2
21941,D3
21941,D4
21941,E2
21941,E3
21941,E4
21941,F2
21941,F3
21941,F4
22006,B3
22006,B4
22006,C3
22006,C4
22006,C5
22006,D3
22006,D4
22006,D5
22006,E3
22006,E4
22006,E5
22006,F4
22006,F5
22006,G5
22107,A3
22107,A4
22107,A5
22107,B3
22107,B4
22107,B5
22107,C2
22107,C3
22107,C4
22107,C5
22107,D2
22107,D3
22107,D4
22107,D5
22107,E2
22107,E3
22107,E4
22107,E5
22107,F2
22107,F3
22107,F4
22107,F5
22107,G2
22107,G3
22107,G4
22108,B2
22108,B3
22108,B4
22108,B5
22108,C2
22108,C3
22108,C5
22108,D2
22108,D3
22108,D4
22108,D5
22108,E3
22108,E4
22108,E5
22108,F3
22108,F4
22108,F5
22104,A2
22104,A3
22104,A4
22104,B2
22104,B3
22104,B4
14662,A2
14662,A3
14662,A4
14662,A5
14662,B2
14662,B3
14662,B4
14662,B5
14662,C2
14662,C3
14662,C4
14662,C5
14662,D2
14662,D3
14662,D4
14662,D5
14662,E2
14662,E3
14662,E4
14662,E5
14662,F2
14662,F3
14662,F4
14662,F5
14662,G2
14662,G3
14662,G4
14662,G5
14662,H2
14662,H3
14662,H4
14662,H5
14636,A2
14636,A3
14636,A4
14636,A5
14636,B2
14636,B3
14636,B4
14636,B5
14636,C2
14636,C3
14636,C4
14636,C5
14636,D2
14636,D3
14636,D4
14636,D5
14636,E2
14636,E3
14636,E4
14636,E5
14636,F2
14636,F3
14636,F4
14636,F5
14636,G2
14636,G3
14636,G4
14636,G5
14636,H2
14636,H3
14636,H4
14636,H5
14575,D3
14575,D4
14575,D5
14575,E3
14575,E4
14575,E5
14575,F2
14575,F3
14575,F4
14575,F5
14575,G2
14575,G3
14575,G4
14417,B2
14417,B3
14417,B4
14417,B5
14417,C2
14417,C3
14417,C4
14417,C5
14417,D2
14417,D3
14417,D4
14417,D5
14417,E2
14417,E3
14417,E4
14417,E5
14417,F2
14417,F3
14417,F4
14417,F5
14417,G2
14417,G3
14417,G4
14417,G5
3551,A3
3551,A4
3551,A5
3551,B2
3551,B3
3551,B4
3551,B5
3551,C2
3551,C3
3551,C4
3551,C5
3551,D2
3551,D3
3551,D4
3551,D5
3551,E2
3551,E3
3551,E4
3551,E5
3551,F2
3551,F3
3551,F4
3551,F5
3551,G2
3551,G3
3551,G4
3551,G5
3552,A2
3552,A3
3552,A4
3552,A5
3552,B2
3552,B3
3552,B4
3552,B5
3552,C2
3552,C3
3552,C4
3552,C5
3552,D2
3552,D3
3552,D4
3552,D5
3552,E2
3552,E3
3552,E4
3552,E5
3552,F2
3552,F3
3552,F4
3552,F5
3552,G2
3552,G3
3552,G4
3552,G5
3552,H2
3552,H3
3552,H4
3552,H5
3553,B3
3553,B4
3553,B5
3553,C3
3553,C4
3553,C5
3553,D2
3553,D3
3553,D4
3553,D5
3553,E2
3553,E3
3553,E4
3553,E5
3553,F2
3553,F3
3553,F4
3553,F5
3553,G2
3553,G3
3553,G4
3553,G5
3553,H2
3553,H3
3553,H4
3553,H5
3259,A2
3259,A3
3259,A4
3259,A5
3259,B2
3259,B3
3259,B4
3259,B5
3259,G3
3259,G4
3259,G5
3259,H3
3259,H4
3259,H5
3258,A3
3258,A4
3258,A5
3258,B3
3258,B4
3258,B5
3258,F3
3258,F4
3258,F5
3258,G2
3258,G3
3258,G4
3258,G5
3258,H2
3258,H3
3258,H4
3258,H5
3260,D3
3260,D4
3260,D5
3260,E3
3260,E4
3260,E5
3260,F3
3260,F4
3260,F5
3260,G3
3260,G4
3260,G5
3262,A3
3262,A4
3262,A5
3262,B3
3262,B4
3262,B5
3262,C1
3262,C2
3262,C3
3262,C4
3262,C5
3262,D1
3262,D2
3262,D3
3262,D4
3262,D5
3262,E1
3262,E2
3262,E3
3262,E4
3262,E5
3262,F1
3262,F2
3262,F3
3262,F4
3262,F5
3262,G3
3262,G4
3262,G5
3262,H3
3262,H4
3262,H5
2129,B2
2129,B3
2129,B4
2129,B5
2129,C2
2129,C3
2129,C4
2129,C5
2129,D2
2129,D4
2129,D5
2129,E2
2129,E3
2129,E4
2129,F2
2129,F3
2129,F4
2129,G4
2123,A2
2123,A3
2123,A4
2123,A5
2123,B2
2123,B3
2123,B4
2123,B5
2123,C2
2123,C3
2123,C4
2123,C5
2123,D2
2123,D3
2123,D4
2123,D5
2123,E2
2123,E3
2123,E4
2123,E5
2123,F2
2123,F3
2123,F4
2123,F5
2123,G2
2123,G3
2123,G4
2123,G5
2123,G6
2123,H4
2123,H5
2123,H6
2120,B2
2120,B3
2120,B4
2120,B5
2120,C2
2120,C3
2120,C4
2120,C5
2120,D2
2120,D3
2120,D4
2120,D5
2120,E2
2120,E5
2097,B2
2097,B3
2097,B4
2097,B5
2097,C2
2097,C3
2097,C4
2097,D2
2097,D3
2097,D4
2097,E2
2097,E3
2097,E4
2097,F2
2097,F3
2097,F4
2097,G3
2097,G4
2160,C3
2160,C4
2160,C5
2160,D2
2160,D3
2160,D4
2160,D5
2160,E2
2160,E3
2160,E4
2160,E5
2160,F2
2160,F3
2160,F4
2160,F5
2160,G2
2160,G3
2160,G4
2160,G5
2160,H2
2160,H3
2160,H4
2160,H5
2127,C2
2127,C3
2127,C4
2127,C5
2127,D2
2127,D3
2127,D4
2127,D5
2127,E2
2127,E3
2127,E4
2127,E5
2127,F2
2127,F3
2127,F4
2127,F5
2127,G2
2127,G3
2127,G4
2127,G5
2127,H2
2127,H3
2127,H4
2127,H5
2124,B3
2124,B4
2124,B5
2124,C4
2124,C5
2124,D2
2124,D3
2124,D4
2124,D5
2124,E2
2124,E3
2124,E4
2124,E5
2124,F2
2124,F3
2124,F4
2124,F5
2124,G2
2124,G3
2124,G4
2124,G5
2124,H3
2124,H4
2124,H5
2071,A2
2071,A3
2071,A4
2071,A5
2071,B2
2071,B3
2071,B4
2071,B5
2071,C2
2071,C3
2071,C4
2071,C5
2071,D1
2071,D2
2071,D3
2071,D4
2071,D5
2071,E1
2071,E2
2071,E3
2071,E4
2071,E5
2071,F1
2071,F2
2071,F3
2071,F4
2071,F5
2071,G2
2071,G3
2071,G4
2071,G5
2071,H2
2071,H3
2071,H4
2071,H5
2095,A3
2095,A4
2095,A5
2095,B3
2095,B4
2095,B5
2095,G2
2095,G3
2095,G4
2095,G5
2095,H2
2095,H3
2095,H4
2095,H5
2161,B3
2161,B4
2161,B5
2161,C2
2161,C3
2161,C4
2161,C5
2161,D2
2161,D3
2161,D4
2161,D5
2161,E2
2161,E3
2161,E4
2161,F2
2161,F3
2161,F4
2161,F5
2161,F6
2161,G2
2161,G3
2161,G4
2161,G5
2161,G6
2161,H4
2161,H5
2161,H6
2096,C2
2096,C3
2096,C4
2096,C5
2096,D2
2096,D3
2096,D4
2096,D5
2096,E2
2096,E3
2096,E4
2096,E5
2081,A2
2081,A3
2081,A4
2081,B2
2081,B3
2081,B4
2081,C2
2081,C3
2081,C4
2081,D2
2081,D3
2081,D4
2081,E2
2081,E3
2081,E4
2081,F2
2081,F3
2081,F4
2081,G2
2081,G3
2081,G4
2125,B2
2125,B3
2125,B4
2125,C2
2125,C3
2125,C4
2125,D2
2125,D4
2125,E2
2125,E3
2125,E4
2125,E5
2125,F2
2125,F3
2125,F4
2125,F5
2125,G1
2125,G2
2125,G3
2125,G4
2125,G5
2125,H1
2125,H2
2125,H3
2125,H4
2125,H5
15855,A2
15855,A3
15855,A4
15855,A5
15855,B2
15855,B3
15855,B4
15855,B5
15855,C2
15855,C3
15855,C4
15855,C5
15855,D2
15855,D3
15855,D4
15855,D5
15855,E2
15855,E3
15855,E4
15855,E5
15855,F2
15855,F3
15855,F4
15855,F5
15855,G2
15855,G3
15855,G4
15855,G5
15855,H2
15855,H3
15855,H4
15855,H5
14595,B2
14595,B3
14595,B4
14595,C2
14595,C3
14595,C4
14595,C5
14595,D2
14595,D3
14595,D4
14595,D5
14595,E2
14595,E3
14595,E4
14595,E5
14595,F2
14595,F3
14595,F4
14595,F5
14595,G2
14595,G3
14595,G4
14595,G5
14595,H2
14595,H3
14595,H4
14595,H5
14601,A2
14601,A3
14601,A4
14601,A5
14601,B2
14601,B3
14601,B4
14601,B5
14601,C3
14601,C4
14601,C5
14601,D2
14601,D3
14601,D4
14601,D5
14601,E2
14601,E3
14601,E4
14601,E5
14601,E6
14601,F2
14601,F3
14601,F4
14601,F5
14601,F6
14601,G5
14601,G6
14640,A2
14640,A3
14640,A4
14640,A5
14640,B2
14640,B3
14640,B4
14640,B5
14640,C2
14640,C3
14640,C4
14640,C5
14640,D2
14640,D3
14640,D4
14640,D5
14640,E2
14640,E3
14640,E4
14640,E5
14640,F2
14640,F3
14640,F4
14640,F5
14640,G2
14640,G3
14640,G4
14640,G5
14640,H2
14640,H3
14640,H4
14640,H5
14643,F2
14643,F3
14643,F4
14643,G2
14643,G3
14643,G4
14643,H2
14643,H3
14643,H4
14656,C2
14656,C3
14656,C4
14656,C5
14656,D2
14656,D3
14656,D4
14656,D5
14656,E2
14656,E3
14656,E4
14656,E5
14656,F2
14656,F3
14656,F4
14656,F5
14656,G6
14656,H5
14656,H6
14629,A2
14629,A3
14629,A4
14629,A5
14629,B2
14629,B3
14629,B4
14629,B5
14629,C2
14629,C3
14629,C4
14629,C5
14629,D2
14629,D3
14629,D4
14629,D5
14629,E2
14629,E3
14629,E4
14629,E5
14629,F2
14629,F3
14629,F4
14629,F5
14629,G2
14629,G3
14629,G4
14629,G5
14629,H2
14629,H3
14629,H4
14629,H5
14607,B2
14607,B3
14607,B4
14607,B5
14607,C2
14607,C3
14607,C4
14607,C5
14607,D2
14607,D3
14607,D4
14607,D5
14607,E2
14607,E3
14607,E4
14607,E5
14607,F2
14607,F3
14607,F4
14607,F5
14607,G2
14607,G3
14607,G4
14607,G5
14607,H2
14607,H3
14607,H4
14607,H5
14528,B2
14528,B3
14528,B4
14528,C2
14528,C3
14528,C4
14528,C5
14528,D2
14528,D3
14528,D4
14528,D5
14528,E2
14528,E3
14528,E4
14528,E5
14528,F2
14528,F3
14528,F4
14528,F5
14528,G3
14528,G4
14528,G5
14528,H3
14528,H4
14528,H5
14641,A2
14641,A3
14641,A4
14641,A5
14641,B2
14641,B3
14641,B4
14641,B5
14641,C2
14641,C3
14641,C4
14641,C5
14641,D2
14641,D3
14641,D4
14641,D5
14641,E2
14641,E3
14641,E4
14641,E5
14641,F2
14641,F3
14641,F4
14641,F5
14641,G2
14641,G3
14641,G4
14641,G5
14641,H2
14641,H3
14641,H4
14641,H5
14664,B2
14664,B3
14664,B4
14664,C2
14664,C3
14664,C4
14664,C5
14664,D2
14664,D3
14664,D4
14664,D5
14664,E2
14664,E3
14664,E4
14664,E5
14664,F2
14664,F3
14664,F4
14664,F5
15801,A3
15801,A4
15801,A5
15801,B3
15801,B4
15801,B5
15801,D2
15801,D3
15801,D4
15801,E2
15801,E3
15801,E4
15801,E5
15801,F2
15801,F3
15801,F4
15801,F5
15801,G2
15801,G3
15801,G4
15801,G5
15801,H2
15801,H3
15801,H4
14659,A2
14659,A3
14659,A4
14659,A5
14659,B2
14659,B3
14659,B4
14659,B5
14659,C2
14659,C3
14659,C4
14659,C5
14659,D2
14659,D3
14659,D4
14659,D5
14659,E2
14659,E3
14659,E4
14659,E5
14659,F2
14659,F3
14659,F4
14659,F5
14659,G2
14659,G3
14659,G4
14659,G5
14659,H2
14659,H3
14659,H4
14659,H5
14657,A2
14657,A3
14657,A4
14657,A5
14657,B2
14657,B3
14657,B4
14657,B5
14657,C2
14657,C3
14657,C4
14657,C5
14657,D2
14657,D3
14657,D4
14657,D5
14657,E2
14657,E3
14657,E4
14657,E5
14657,F2
14657,F3
14657,F4
14657,F5
14657,G2
14657,G3
14657,G4
14657,G5
14657,H2
14657,H3
14657,H4
14657,H5
14603,A2
14603,A3
14603,A4
14603,A5
14603,B2
14603,B3
14603,B4
14603,B5
14603,C2
14603,C3
14603,C4
14603,C5
14603,D2
14603,D3
14603,D4
14603,D5
14603,E2
14603,E3
14603,E4
14603,E5
14603,F2
14603,F3
14603,F4
14603,F5
14603,G2
14603,G3
14603,G4
14603,G5
14603,H2
14603,H3
14603,H4
14603,H5
14301,D2
14301,D3
14301,D4
14301,E2
14301,E3
14301,E4
14301,E5
14301,F2
14301,F3
14301,F4
14301,F5
14301,G3
14301,G4
14301,G5
14391,B3
14391,B4
14391,B5
14391,C3
14391,C4
14391,C5
14391,D3
14391,D4
14391,D5
14391,E4
14391,E5
14446,E2
14446,E3
14446,E4
14446,E5
14446,F2
14446,F3
14446,F4
14446,F5
14446,G2
14446,G3
14446,G4
14446,G5
14398,C3
14398,C4
14398,C5
14398,D3
14398,D4
14398,D5
14398,E3
14398,E4
14398,E5
22178,B2
22178,B3
22178,B4
22178,B5
22178,C2
22178,C3
22178,C4
22178,C5
22178,D2
22178,D3
22178,D4
22178,D5
22178,E2
22178,E3
22178,E4
22178,E5
22178,F2
22178,F3
22178,F4
22178,F5
22178,G2
22178,G3
22178,G4
22178,G5
22178,H2
22178,H3
22178,H4
22178,H5
22176,A3
22176,A4
22176,A5
22176,B2
22176,B3
22176,B4
22176,B5
22176,C2
22176,C3
22176,C4
22176,C5
22176,D2
22176,D3
22176,D4
22176,D5
22176,E2
22176,E3
22176,E4
22176,E5
22176,F2
22176,F3
22176,F4
22176,F5
22176,G2
22176,G3
22176,G4
22176,G5
22176,H2
22176,H3
22176,H4
22176,H5
22263,A2
22263,A3
22263,A4
22263,B2
22263,B3
22263,B4
22263,B5
22263,C2
22263,C3
22263,C4
22263,C5
22263,D2
22263,D3
22263,D4
22263,D5
22263,E2
22263,E3
22263,E4
22263,E5
22263,F2
22263,F3
22263,F4
22263,F5
22263,G2
22263,G3
22263,G4
22263,G5
22263,H2
22263,H3
22263,H4
22263,H5
22163,B3
22163,B4
22163,B5
22163,C2
22163,C3
22163,C4
22163,C5
22163,D2
22163,D3
22163,D4
22163,D5
22163,E2
22163,E3
22163,E4
22163,E5
22163,F2
22163,F3
22163,F4
22163,F5
22163,G2
22163,G3
22163,G4
22163,G5
22163,H2
22163,H3
22163,H4
22163,H5
14273,B3
14273,B4
14273,B5
14273,C3
14273,C4
14273,C5
14273,D3
14273,D4
14273,D5
14273,E2
14273,E3
14273,E4
14273,E5
14273,F2
14273,F3
14273,F4
14273,F5
14273,G2
14273,G3
14273,G4
14273,G5
14273,H2
14273,H3
14273,H4
14273,H5
14274,B3
14274,B4
14274,B5
14274,C3
14274,C4
14274,C5
14274,D3
14274,D4
14274,D5
14274,E2
14274,E3
14274,E4
14274,E5
14274,F2
14274,F3
14274,F4
14274,F5
14274,G2
14274,G3
14274,G4
14274,G5
14274,H2
14274,H3
14274,H4
14274,H5
14312,C2
14312,C3
14312,C4
14312,D2
14312,D3
14312,D4
14312,E2
14312,E3
14312,E4
14312,F2
14312,F3
14312,G2
14312,G3
14312,G4
14330,A2
14330,A3
14330,A4
14330,A5
14330,B2
14330,B3
14330,B4
14330,B5
14330,C2
14330,C3
14330,C4
14330,C5
14330,D2
14330,D3
14330,D4
14330,D5
14330,E2
14330,E3
14330,E4
14330,E5
14330,F2
14330,F3
14330,F4
14330,F5
14330,G2
14330,G3
14330,G4
14330,G5
22257,A2
22257,A3
22257,A4
22257,B2
22257,B3
22257,B4
22257,B5
22257,C2
22257,C3
22257,C4
22257,C5
22257,D2
22257,D3
22257,D4
22257,D5
22257,E2
22257,E3
22257,E4
22257,E5
22257,F2
22257,F3
22257,F4
22257,F5
22257,G2
22257,G3
22257,G4
22257,G5
22257,H2
22257,H3
22257,H4
14336,A2
14336,A3
14336,A4
14336,A5
14336,B2
14336,B3
14336,B4
14336,B5
14336,C2
14336,C3
14336,C4
14336,C5
14336,D2
14336,D3
14336,D4
14336,D5
14336,E2
14336,E3
14336,E4
14336,E5
14336,F2
14336,F3
14336,F4
14336,F5
14336,G2
14336,G3
14336,G4
14336,G5
14336,H2
14336,H3
14336,H4
14336,H5
14297,A1
14297,A2
14297,A3
14297,A4
14297,A5
14297,B1
14297,B2
14297,B3
14297,B4
14297,B5
14297,C2
14297,C3
14297,C4
14297,C5
14297,D2
14297,D3
14297,D4
14297,D5
14297,E2
14297,E3
14297,E4
14297,E5
14297,F2
14297,F3
14297,F4
14297,F5
14297,G2
14297,G3
14297,G4
14297,G5
22050,A2
22050,A3
22050,A4
22050,A5
22050,B2
22050,B3
22050,B4
22050,B5
22050,C2
22050,C3
22050,C4
22050,C5
22050,D2
22050,D3
22050,D4
22050,D5
22050,E2
22050,E3
22050,E4
22050,E5
22050,F2
22050,F3
22050,F4
22050,F5
22050,G2
22050,G3
22050,G4
22050,G5
22050,H2
22050,H3
22050,H5
14331,C4
14331,C5
14331,D2
14331,D3
14331,D4
14331,D5
14331,E2
14331,E3
14331,E4
14331,E5
14331,F2
14331,F3
14331,F5
14331,G2
14331,G3
14331,G4
14331,G5
22162,A2
22162,A3
22162,A4
22162,A5
22162,B2
22162,B3
22162,B4
22162,B5
22162,C2
22162,C3
22162,C4
22162,C5
22162,D2
22162,D3
22162,D4
22162,D5
22162,E2
22162,E3
22162,E4
22162,E5
22162,F2
22162,F3
22162,F4
22162,F5
22162,G2
22162,G3
22162,G4
22162,G5
22162,H2
22162,H3
22162,H4
22162,H5
22260,A2
22260,A3
22260,A4
22260,B2
22260,B3
22260,B4
22260,C2
22260,C3
22260,C4
22260,F2
22260,F3
22260,F4
22260,G2
22260,G3
22260,G4
22260,G5
22260,H2
22260,H3
22260,H4
22260,H5
14573,B3
14573,B4
14573,B5
14573,C2
14573,C3
14573,C4
14573,C5
14573,D2
14573,D3
14573,D4
14573,D5
14573,E2
14573,E3
14573,E4
14573,E5
14573,F2
14573,F3
14573,F4
14573,G2
14573,G3
14573,G4
14573,G5
14573,H2
14573,H3
14573,H4
14573,H5
15826,A3
15826,A4
15826,A5
15826,B2
15826,B3
15826,B4
15826,B5
15826,C2
15826,C3
15826,C4
15826,C5
15826,D2
15826,D3
15826,D4
15826,D5
15826,E2
15826,E3
15826,E4
15826,E5
15826,F2
15826,F3
15826,F4
15826,F5
14663,A2
14663,A3
14663,A4
14663,A5
14663,B2
14663,B3
14663,B4
14663,B5
14663,C2
14663,C3
14663,C4
14663,C5
14663,D2
14663,D3
14663,D4
14663,D5
14663,E2
14663,E3
14663,E4
14663,E5
14663,F2
14663,F3
14663,F4
14663,F5
14663,G2
14663,G3
14663,G4
14663,G5
14663,H2
14663,H3
14663,H4
14663,H5
14661,A2
14661,A3
14661,A4
14661,A5
14661,B2
14661,B3
14661,B4
14661,B5
14661,C2
14661,C3
14661,C4
14661,C5
14661,D2
14661,D3
14661,D4
14661,D5
14661,E2
14661,E3
14661,E4
14661,E5
14661,F2
14661,F3
14661,F4
14661,F5
14661,G2
14661,G3
14661,G4
14661,G5
14661,H2
14661,H3
14661,H4
14661,H5
14265,B2
14265,B3
14265,B4
14265,B5
14265,B6
14265,C2
14265,C3
14265,C4
14265,C5
14265,C6
14265,D2
14265,D3
14265,D4
14265,D5
14265,D6
14265,E2
14265,E3
14265,E4
14265,E5
14265,E6
14265,F2
14265,F3
14265,F4
14265,F5
14265,F6
14265,G2
14265,G3
14265,G4
14265,G5
14265,G6
14265,H2
14265,H3
14265,H4
14265,H5
14265,H6
15829,B2
15829,B3
15829,B4
15829,B5
15829,C2
15829,C3
15829,C4
15829,C5
15829,D2
15829,D3
15829,D4
15829,D5
15829,E2
15829,E3
15829,E4
15829,E5
15829,F2
15829,F3
15829,F4
15829,F5
15829,G2
15829,G3
15829,G4
15829,G5
15829,H2
15829,H3
15829,H4
15829,H5
15828,A3
15828,A4
15828,A5
15828,B2
15828,B3
15828,B4
15828,B5
15828,C2
15828,C3
15828,C4
15828,C5
15828,D2
15828,D3
15828,D4
15828,D5
15828,E2
15828,E3
15828,E4
15828,E5
15828,F3
15828,F4
15828,F5
15828,G3
15828,G4
15828,G5
14626,A3
14626,A4
14626,A5
14626,B2
14626,B3
14626,B4
14626,B5
14626,C2
14626,C3
14626,C4
14626,C5
14626,D2
14626,D3
14626,D4
14626,D5
14626,E2
14626,E3
14626,E4
14626,E5
14626,F2
14626,F3
14626,F4
14626,F5
14637,B3
14637,B4
14637,B5
14637,C2
14637,C3
14637,C4
14637,C5
14637,D2
14637,D3
14637,D4
14637,D5
14637,E2
14637,E3
14637,E4
14637,E5
14637,F2
14637,F3
14637,F4
14637,F5
14637,G3
14637,G4
14637,G5
14531,A2
14531,A3
14531,A4
14531,B2
14531,B3
14531,B4
14531,C2
14531,C3
14531,C4
14531,D2
14531,D3
14531,D4
14531,E2
14531,E3
14531,E4
14531,F2
14531,F3
14531,F4
14529,B2
14529,B3
14529,B4
14529,B5
14529,C2
14529,C3
14529,C4
14529,C5
14529,D2
14529,D3
14529,D4
14529,D5
14529,E2
14529,E3
14529,E4
14529,E5
14529,F2
14529,F3
14529,F4
14529,F5
14529,G2
14529,G3
14529,G4
14529,G5
14529,H2
14529,H3
14529,H4
14529,H5
15825,A2
15825,A3
15825,A4
15825,A5
15825,B2
15825,B3
15825,B4
15825,B5
15825,B6
15825,C2
15825,C3
15825,C4
15825,C5
15825,C6
15825,D2
15825,D3
15825,D4
15825,D5
15825,D6
15825,E2
15825,E3
15825,E4
15825,E5
15825,E6
15825,F2
15825,F3
15825,F4
15825,F5
15825,F6
15825,G2
15825,G3
15825,G4
15825,G5
15825,G6
15825,H2
15825,H3
15825,H4
15825,H5
15825,H6
14572,B2
14572,B3
14572,B4
14572,B5
14572,C2
14572,C3
14572,C4
14572,C5
14572,D2
14572,D3
14572,D4
14572,D5
14572,E2
14572,E3
14572,E4
14572,F3
14572,F4
14572,F5
14572,G3
14572,G4
14572,G5
15804,B1
15804,B2
15804,B3
15804,B4
15804,B5
15804,C1
15804,C2
15804,C3
15804,C4
15804,C5
15804,D1
15804,D2
15804,D3
15804,D4
15804,D5
15804,E1
15804,E2
15804,E3
15804,E4
15804,E5
15804,F1
15804,F2
15804,F3
15804,F4
15804,F5
15804,G1
15804,G2
15804,G3
15804,G4
15804,G5
15804,H1
15804,H2
15804,H3
15804,H4
14628,B2
14628,B3
14628,B4
14628,B5
14628,C2
14628,C3
14628,C4
14628,C5
14628,D2
14628,D3
14628,D4
14628,D5
14628,E2
14628,E3
14628,E4
14628,E5
14628,F2
14628,F3
14628,F4
14628,F5
14628,G2
14628,G3
14628,G4
14628,G5
14628,H2
14628,H3
14628,H4
14628,H5
22632,B2
22632,B3
22632,B4
22632,B5
22632,C3
22632,C4
22632,C5
22632,D2
22632,D3
22632,D4
22632,D5
22632,E2
22632,E3
22632,E4
22632,E5
22632,F2
22632,F3
22632,F4
22632,F5
22632,G2
22632,G3
22632,G4
22632,G5
22679,A2
22679,A3
22679,A4
22679,A5
22679,B2
22679,B3
22679,B4
22679,B5
22679,C3
22679,C4
22679,C5
22679,D3
22679,D4
22679,D5
22438,A2
22438,A3
22438,A4
22438,B2
22438,B3
22438,B4
22438,C2
22438,C3
22438,C4
22438,D2
22438,D3
22438,D4
22438,E2
22438,E3
22438,E4
22689,B3
22689,B4
22689,B5
22689,C2
22689,C3
22689,C4
22689,C5
22689,D2
22689,D3
22689,D4
22689,D5
22689,E2
22689,E3
22689,E4
22689,E5
22689,F2
22689,F3
22689,F4
22689,F5
22689,G3
22689,G4
22689,G5
22700,A2
22700,A3
22700,A4
22700,A5
22700,A6
22700,B1
22700,B2
22700,B3
22700,B4
22700,B5
22700,B6
22700,C1
22700,C2
22700,C3
22700,C4
22700,C5
22700,C6
22700,D1
22700,D2
22700,D3
22700,D4
22700,D5
22700,D6
22700,E1
22700,E2
22700,E3
22700,E4
22700,E5
22700,E6
22700,F1
22700,F2
22700,F3
22700,F4
22700,F5
22700,F6
22700,G1
22700,G2
22700,G3
22700,G4
22700,G5
22700,G6
22700,H1
22700,H2
22700,H3
22700,H4
22700,H5
22700,H6
22681,F3
22681,F4
22681,F5
22681,G2
22681,G3
22681,G4
22681,G5
22681,H2
22681,H3
22681,H4
22681,H5
22699,A1
22699,A2
22699,A3
22699,A4
22699,A5
22699,B1
22699,B2
22699,B3
22699,B4
22699,B5
22699,C1
22699,C2
22699,C3
22699,C4
22699,C5
22699,D1
22699,D2
22699,D3
22699,D4
22699,D5
22699,E1
22699,E2
22699,E3
22699,E4
22699,E5
22699,F3
22699,F4
22699,F5
22699,G3
22699,G4
22699,G5
22699,H3
22699,H4
22699,H5
22698,A2
22698,A3
22698,A4
22698,A5
22698,B2
22698,B3
22698,B4
22698,B5
22698,C2
22698,C3
22698,C4
22698,C5
22698,D2
22698,D3
22698,D4
22698,D5
22698,E2
22698,E3
22698,E4
22698,E5
22698,F2
22698,F3
22698,F4
22698,F5
22698,G2
22698,G3
22698,G4
22698,G5
22698,H3
22698,H4
22698,H5
22630,A2
22630,A3
22630,A4
22630,A5
22630,B2
22630,B3
22630,B4
22630,B5
22630,C2
22630,C3
22630,C4
22630,D2
22630,D3
22630,D4
22630,E2
22630,E3
22630,E4
22604,B2
22604,B3
22604,B4
22604,B5
22604,C2
22604,C3
22604,C4
22604,C5
22604,D2
22604,D3
22604,D4
22604,D5
22604,E2
22604,E3
22604,E4
22604,E5
22604,F2
22604,F3
22604,F4
22604,F5
22604,G2
22604,G3
22604,G4
22604,G5
22604,H2
22604,H3
22604,H4
22604,H5
22464,A2
22464,A3
22464,A4
22464,A5
22464,B2
22464,B3
22464,B4
22464,B5
22464,C2
22464,C3
22464,C4
22464,C5
22464,D2
22464,D3
22464,D4
22464,D5
22464,E2
22464,E3
22464,E4
22464,E5
22464,F2
22464,F3
22464,F4
22464,F5
22464,G2
22464,G3
22464,G4
22464,G5
22464,H2
22464,H3
22464,H4
22464,H5
22601,A2
22601,A3
22601,A4
22601,A5
22601,B2
22601,B3
22601,B4
22601,B5
22601,B6
22601,C1
22601,C2
22601,C3
22601,C4
22601,C5
22601,C6
22601,D1
22601,D2
22601,D3
22601,D4
22601,D5
22601,D6
22601,E1
22601,E2
22601,E3
22601,E4
22601,E5
22601,E6
22601,F1
22601,F2
22601,F3
22601,F4
22601,F5
22601,F6
22601,G1
22601,G2
22601,G3
22601,G4
22601,G5
22601,G6
22601,H1
22601,H2
22601,H3
22601,H4
22601,H5
22601,H6
22601,691
22601,692
22601,693
22601,694
22601,695
22601,696
22720,C3
22720,C4
22720,C5
22720,D1
22720,D2
22720,D3
22720,D4
22720,D5
22720,E1
22720,E2
22720,E3
22720,E4
22720,F1
22720,F2
22720,F3
22720,F4
22720,F5
22720,G2
22720,G3
22720,G4
22720,G5
22720,H3
22720,H4
22720,H5
22629,B2
22629,B3
22629,B4
22629,B5
22629,C2
22629,C3
22629,C4
22629,C5
22629,C6
22629,D2
22629,D3
22629,D4
22629,D5
22629,D6
22629,E2
22629,E3
22629,E4
22629,E5
22629,E6
22629,F1
22629,F2
22629,F3
22629,F4
22629,F5
22629,F6
22629,G1
22629,G2
22629,G3
22629,G4
22629,G5
22629,H1
22629,H2
22629,H3
22629,H4
22629,H5
22628,A3
22628,A4
22628,A5
22628,B3
22628,B4
22628,B5
22628,C2
22628,C3
22628,C4
22628,C5
22628,D2
22628,D3
22628,D4
22628,D5
22628,E2
22628,E3
22628,E4
22628,E5
22628,G3
22628,G4
22628,G5
22628,H3
22628,H4
22628,H5
22707,A1
22707,A2
22707,B1
22707,B2
22707,C1
22707,C2
22707,D1
22707,D2
22690,A2
22690,A3
22690,A4
22690,A5
22690,B2
22690,B3
22690,B4
22690,B5
22690,C2
22690,C3
22690,C4
22690,C5
22690,D2
22690,D3
22690,D4
22690,D5
22690,E2
22690,E3
22690,E4
22690,E5
22690,F2
22690,F3
22690,F4
22690,F5
22690,G2
22690,G3
22690,G4
22690,G5
22690,H2
22690,H3
22690,H4
22690,H5
22692,B2
22692,B3
22692,B4
22692,B5
22692,C2
22692,C3
22692,C4
22692,C5
22692,D2
22692,D3
22692,D4
22692,D5
22692,E2
22692,E3
22692,E4
22692,E5
22692,F2
22692,F3
22692,F4
22692,F5
22692,G3
22692,G4
22692,G5
22697,B3
22697,B4
22697,B5
22697,C3
22697,C4
22697,C5
22697,D3
22697,D4
22697,D5
22697,E3
22697,E4
22697,E5
22697,F3
22697,F4
22697,F5
22634,A2
22634,A3
22634,A4
22634,A5
22634,B2
22634,B3
22634,B4
22634,B5
22634,C2
22634,C3
22634,C4
22634,C5
22634,D2
22634,D3
22634,D4
22634,D5
22634,E2
22634,E3
22634,E4
22634,E5
22634,F2
22634,F3
22634,F4
22634,F5
22634,G2
22634,G3
22634,G4
22634,G5
22634,H5
22626,A4
22626,B4
22626,C4
14415,B2
14415,B3
14415,C2
14415,C3
14415,D2
14415,D3
14415,F2
14415,F3
14415,F4
14415,G2
14415,G3
14415,G4
14415,H2
14415,H3
14415,H4
16112,B3
16112,B4
16112,B5
16112,C3
16112,C4
16112,C5
16112,D3
16112,D4
16112,D5
16112,E3
16112,E4
16112,E5
16112,F3
16112,F4
16112,F5
16112,G3
16112,G4
16112,G5
14427,C2
14427,C3
14427,C4
14427,C5
14427,D2
14427,D3
14427,D4
14427,D5
14427,E2
14427,E3
14427,E4
14427,E5
14427,F2
14427,F3
14427,F4
14427,F5
14427,G2
14427,G3
14427,G4
14427,G5
16100,B2
16100,B3
16100,B4
16100,B5
16100,C2
16100,C3
16100,C4
16100,C5
16100,D2
16100,D3
16100,D4
16100,D5
16100,E2
16100,E3
16100,E4
16100,E5
16100,F2
16100,F3
16100,F4
16100,F5
14421,B5
14421,B6
14421,C5
14421,C6
14449,C2
14449,C3
14449,C4
14449,C5
14449,D2
14449,D3
14449,D4
14449,D5
14449,E2
14449,E3
14449,E4
14449,E5
14449,F2
14449,F3
14449,F4
14449,F5
14449,G2
14449,G3
14449,G4
14449,G5
14449,H2
14449,H3
14449,H4
14449,H5
16101,C2
16101,C3
16101,C4
16101,C5
16101,D2
16101,D3
16101,D4
16101,D5
16101,E2
16101,E3
16101,E4
16101,E5
16101,F2
16101,F3
16101,F4
14432,B3
14432,B4
14432,B5
14432,C3
14432,C4
14432,C5
14432,D2
14432,D3
14432,D4
14432,D5
14432,E2
14432,E3
14432,E4
14432,F2
14432,F3
14432,F4
14432,G2
14432,G3
14432,G4
14432,G5
14432,H2
14432,H3
14432,H4
14432,H5
14429,B5
14429,B6
14429,C5
14429,C6
14400,B2
14400,B3
14400,B4
14400,C2
14400,C3
14400,C4
14400,D2
14400,D3
14400,D4
14400,D5
14400,E2
14400,E3
14400,E4
14400,F2
14400,F3
14400,F4
14400,F5
14400,G2
14400,G3
14400,G4
14400,G5
14400,H2
14400,H3
14400,H4
14400,H5
14430,C5
14430,C6
14430,D5
14430,D6
14430,E5
14430,E6
14430,F5
14430,F6
14448,A2
14448,A3
14448,A4
14448,B2
14448,B3
14448,B4
14448,C2
14448,C3
14448,C4
14448,D2
14448,D3
14448,D4
14448,E2
14448,E3
14448,E4
14448,F2
14448,F3
14448,F4
14448,F5
14448,G2
14448,G3
14448,G4
14448,G5
14315,G4
14315,G5
14315,H4
14315,H5
14453,D2
14453,D3
14453,D4
14453,D5
14453,E2
14453,E3
14453,E4
14453,E5
14453,F2
14453,F3
14453,F4
14453,F5
14373,F4
14373,F5
14373,F6
14373,G4
14373,G5
14373,G6
14416,C3
14416,C4
14416,C5
14416,D3
14416,D4
14416,D5
14416,E3
14416,E4
14416,E5
14416,G3
14416,G4
14416,G5
14416,H3
14416,H4
14416,H5
16097,E1
16097,E2
16097,E3
16097,F1
16097,F2
16097,F3
16097,G1
16097,G2
16097,G3
14332,A1
14332,A2
14332,A3
14332,A4
14332,B1
14332,B2
14332,B3
14332,B4
14332,B5
14332,C2
14332,C3
14332,C4
14332,C5
14332,D2
14332,D3
14332,D4
14332,D5
14332,E3
14332,E4
14332,E5
14282,C3
14282,C4
14282,C5
14282,D3
14282,D4
14282,D5
14282,E3
14282,E4
14282,E5
14282,F3
14282,F4
14282,F5
14376,B2
14376,B3
14376,B4
14376,B5
14376,C2
14376,C3
14376,C4
14376,C5
14376,C6
14376,D2
14376,D3
14376,D4
14376,D5
14376,D6
14376,E2
14376,E3
14376,E4
14376,E5
14376,E6
14376,F3
14376,F4
14376,F5
14334,G3
14334,G4
14334,G5
14334,H3
14334,H4
14334,H5
2288,G2
2288,G3
2288,G4
2288,H2
2288,H3
2288,H4
2287,B4
2287,B5
2287,C2
2287,C3
2287,C4
2287,C5
2287,D2
2287,D3
2287,D4
2287,D5
2287,E2
2287,E3
2287,E4
2287,F2
2287,F3
2287,F4
2287,G2
2287,G3
2287,G4
2287,H2
2287,H3
2287,H4
28812,A2
28812,A3
28812,A4
28812,A5
28812,B2
28812,B3
28812,B4
28812,B5
28812,C2
28812,C3
28812,C4
28812,C5
28812,D2
28812,D3
28812,D4
28812,D5
28812,E2
28812,E3
28812,E4
28812,E5
28812,F2
28812,F3
28812,F4
28812,F5
28812,G2
28812,G3
28812,G4
28812,G5
28812,H2
28812,H3
28812,H4
28812,H5
28811,C2
28811,C3
28811,C4
28811,D2
28811,D3
28811,D4
28811,E2
28811,E3
28811,E4
28811,F3
28811,F4
28811,F5
28811,G3
28811,G4
28811,G5
28811,G6
28811,H3
28811,H4
28811,H5
28811,H6
28792,B3
28792,B4
28792,B5
28792,B6
28792,C1
28792,C2
28792,C3
28792,C4
28792,C5
28792,C6
28792,D1
28792,D2
28792,D3
28792,D4
28792,D5
28792,D6
28792,E1
28792,E2
28792,E3
28792,E4
28792,E5
28792,E6
28792,F1
28792,F2
28792,F3
28792,F4
28792,F5
28792,F6
28792,G3
28792,G4
28792,G5
28792,G6
28792,H3
28792,H4
28792,H5
28792,H6
28809,A2
28809,A3
28809,A4
28809,A5
28809,B2
28809,B3
28809,B4
28809,B5
28809,C2
28809,C3
28809,C4
28809,C5
28809,D2
28809,D3
28809,D4
28809,D5
28809,E2
28809,E3
28809,E4
28809,E5
28809,F2
28809,F3
28809,F4
28809,F5
28809,G2
28809,G3
28809,G4
28809,G5
28809,H2
28809,H3
28809,H4
28809,H5
28786,B2
28786,B3
28786,B4
28786,B5
28786,C2
28786,C3
28786,C4
28786,C5
28786,D2
28786,D3
28786,D4
28786,D5
28786,E2
28786,E3
28786,E4
28786,E5
28786,F2
28786,F3
28786,F4
28786,F5
28786,G2
28786,G3
28786,G4
28786,G5
28786,H2
28786,H3
28786,H4
28786,H5
2285,A2
2285,A3
2285,A4
2285,B2
2285,B3
2285,B4
2203,B2
2203,B3
2203,B4
2203,B5
2203,C2
2203,C3
2203,C4
2203,C5
2203,D2
2203,D3
2203,D4
2203,D5
2203,E2
2203,E3
2203,E4
2203,E5
2203,F2
2203,F3
2203,F4
2203,F5
2203,G2
2203,G3
2203,G4
2203,G5
2196,B3
2196,B4
2196,B5
2196,C3
2196,C4
2196,C5
2196,D3
2196,D4
2196,D5
2228,A1
2228,A2
2228,A3
2228,A4
2228,A5
2228,A6
2228,B1
2228,B2
2228,B3
2228,B4
2228,B5
2228,B6
2228,C1
2228,C2
2228,C3
2228,C4
2228,C5
2228,C6
2228,D1
2228,D2
2228,D3
2228,D4
2228,D5
2228,D6
2228,E1
2228,E2
2228,E3
2228,E4
2228,E5
2228,E6
2228,F1
2228,F2
2228,F3
2228,F4
2228,F5
2228,F6
2228,G1
2228,G2
2228,G3
2228,G4
2228,G5
2228,G6
2228,H1
2228,H2
2228,H3
2228,H4
2228,H5
2228,H6
2205,A2
2205,A3
2205,A4
2205,A5
2205,B2
2205,B3
2205,B4
2205,B5
2205,C2
2205,C3
2205,C4
2205,C5
2205,D2
2205,D3
2205,D4
2205,D5
2205,E2
2205,E3
2205,E4
2205,E5
2205,F2
2205,F3
2205,F4
2205,F5
2205,G2
2205,G3
2205,G4
2205,G5
2205,H2
2205,H3
2205,H4
2205,H5
2199,F4
2199,F5
2199,G4
2199,G5
2167,D3
2167,D4
2167,D5
2167,E3
2167,E4
2167,E5
2167,F3
2167,F4
2167,F5
2188,D3
2188,D4
2188,D5
2188,E3
2188,E4
2188,E5
2188,F3
2188,F4
2188,F5
2166,C2
2166,C3
2166,C4
2166,C5
2166,D2
2166,D3
2166,D4
2166,D5
2166,E2
2166,E3
2166,E4
2166,E5
2166,F2
2166,F3
2166,F4
2166,G5
2166,G6
2166,H5
2166,H6
2226,A1
2226,A2
2226,A3
2226,A4
2226,A5
2226,B1
2226,B2
2226,B3
2226,B4
2226,B5
2226,C1
2226,C2
2226,C3
2226,C4
2226,C5
2226,D1
2226,D2
2226,D3
2226,D4
2226,D5
2226,E1
2226,E2
2226,E3
2226,E4
2226,E5
2226,F1
2226,F2
2226,F3
2226,F4
2226,F5
2226,G1
2226,G2
2226,G3
2226,G4
2226,G5
2226,H1
2226,H2
2226,H3
2226,H4
2226,H5
2189,B4
2189,B5
2189,C4
2189,C5
2189,D4
2189,D5
2189,E2
2189,E3
2189,E4
2189,E5
2189,F2
2189,F3
2189,F4
2189,F5
2189,G2
2189,G3
2189,G4
2189,H2
2189,H3
2189,H4
2195,A2
2195,A3
2195,A4
2195,A5
2195,A6
2195,B2
2195,B3
2195,B4
2195,B5
2195,B6
2195,C2
2195,C3
2195,C4
2195,C5
2195,C6
2195,D2
2195,D3
2195,D4
2195,D5
2195,D6
2195,E2
2195,E3
2195,E4
2195,E5
2195,E6
2195,F2
2195,F3
2195,F4
2195,F5
2195,G2
2195,G3
2195,G4
2195,G5
2195,H2
2195,H3
2195,H4
2195,H5
2197,A2
2197,A3
2197,A4
2197,A5
2197,B2
2197,B3
2197,B4
2197,B5
2197,C2
2197,C3
2197,C4
2197,C5
2197,D2
2197,D3
2197,D4
2197,D5
2197,E2
2197,E3
2197,E4
2197,E5
2197,F2
2197,F3
2197,F4
2197,F5
2197,G2
2197,G3
2197,G4
2197,G5
2197,H2
2197,H3
2197,H4
2197,H5
2193,A2
2193,A3
2193,A4
2193,A5
2193,B2
2193,B3
2193,B4
2193,B5
2193,C2
2193,C3
2193,C4
2193,C5
2193,D2
2193,D3
2193,D4
2193,D5
2193,E2
2193,E3
2193,E4
2193,E5
2193,F2
2193,F3
2193,F4
2193,G2
2193,G3
2193,G4
2193,G5
2193,H2
2193,H3
2193,H4
2193,H5
NA,A2
NA,A3
NA,A4
NA,A5
NA,B2
NA,B3
NA,B4
NA,B5
NA,C2
NA,C3
NA,C4
NA,C5
NA,D2
NA,D3
NA,D4
NA,D5
NA,E2
NA,E3
NA,E4
NA,E5
NA,F2
NA,F3
NA,F4
NA,F5
NA,G2
NA,G3
NA,G4
NA,G5
NA,H2
NA,H3
NA,H4
NA,H5
2202,B2
2202,B3
2202,B4
2202,B5
2202,C2
2202,C3
2202,C4
2202,C5
2202,D2
2202,D3
2202,D4
2202,D5
2202,E2
2202,E3
2202,E4
2202,E5
2202,F2
2202,F3
2202,F4
2202,F5
2202,G2
2202,G3
2202,G4
2202,G5
2202,H2
2202,H3
2202,H4
2202,H5
2191,A2
2191,A3
2191,A4
2191,A5
2191,B2
2191,B3
2191,B4
2191,B5
2191,C2
2191,C3
2191,C4
2191,C5
2191,D2
2191,D3
2191,D4
2191,D5
2191,E2
2191,E3
2191,E4
2191,E5
2191,F2
2191,F3
2191,F4
2164,G2
2164,G3
2164,G4
2164,G5
2164,H2
2164,H3
2164,H4
2164,H5
2162,G2
2162,G3
2162,G4
2162,G5
2162,H2
2162,H3
2162,H4
2162,H5
2194,A2
2194,A3
2194,A4
2194,A5
2194,B1
2194,B2
2194,B3
2194,B4
2194,B5
2194,C1
2194,C2
2194,C3
2194,C4
2194,C5
2194,D1
2194,D2
2194,D3
2194,D4
2194,D5
2194,E1
2194,E2
2194,E3
2194,E4
2194,E5
2194,F1
2194,F2
2194,F3
2194,F4
2194,F5
2194,G1
2194,G2
2194,G3
2194,G4
2194,G5
2194,H1
2194,H2
2194,H3
2194,H4
2194,H5
2208,A2
2208,A3
2208,A4
2208,A5
2208,B2
2208,B3
2208,B4
2208,B5
2208,C2
2208,C3
2208,C4
2208,C5
2208,D2
2208,D3
2208,D4
2208,D5
2208,E2
2208,E3
2208,E4
2208,E5
2208,F2
2208,F3
2208,F4
2208,F5
2208,G2
2208,G3
2208,G4
2208,G5
2208,H2
2208,H3
2208,H4
2208,H5
2168,B3
2168,B4
2168,B5
2168,C3
2168,C4
2168,C5
2168,D2
2168,D3
2168,D4
2168,D5
2168,E2
2168,E3
2168,E4
2168,E5
2168,F2
2168,F3
2168,F4
2168,F5
2168,G2
2168,G3
2168,G4
2168,G5
2163,A2
2163,A3
2163,A4
2163,B2
2163,B3
2163,B4
2163,C2
2163,C3
2163,C4
2163,D2
2163,D3
2163,D4
2163,E2
2163,E4
2506,B2
2506,B3
2506,B4
2506,B5
2506,C2
2506,C3
2506,C4
2506,C5
2506,D1
2506,D2
2506,D3
2506,D4
2506,D5
2506,E1
2506,E2
2506,E3
2506,E4
2506,E5
2506,F1
2506,F2
2506,F3
2506,F4
2506,F5
2506,G2
2506,G3
2506,G4
2506,G5
2235,A2
2235,A3
2235,A4
2235,A5
2235,A6
2235,B2
2235,B3
2235,B4
2235,B5
2235,B6
2235,C2
2235,C3
2235,C4
2235,C5
2235,C6
2235,D2
2235,D3
2235,D4
2235,D5
2235,D6
2235,E2
2235,E3
2235,E4
2235,E5
2235,E6
2235,F2
2235,F3
2235,F4
2235,F5
2235,F6
2235,G2
2235,G3
2235,G4
2235,G5
2235,G6
2235,H2
2235,H3
2235,H4
2235,H5
2235,H6
2232,A1
2232,A2
2232,A3
2232,A4
2232,A5
2232,A6
2232,B1
2232,B2
2232,B3
2232,B4
2232,B5
2232,B6
2232,C1
2232,C2
2232,C3
2232,C4
2232,C5
2232,C6
2232,D1
2232,D2
2232,D3
2232,D4
2232,D5
2232,D6
2232,E1
2232,E2
2232,E3
2232,E4
2232,E5
2232,E6
2232,F1
2232,F2
2232,F3
2232,F4
2232,F5
2232,F6
2232,G1
2232,G2
2232,G3
2232,G4
2232,G5
2232,G6
2232,H1
2232,H2
2232,H3
2232,H4
2232,H5
2232,H6
2504,B4
2504,B5
2504,C3
2504,C5
2504,D3
2504,D4
2504,D5
2504,E3
2504,E4
2504,E5
2504,G2
2504,G3
2504,G4
2504,H2
2504,H3
2504,H4
2501,C2
2501,C3
2501,C4
2501,C5
2501,D2
2501,D3
2501,D4
2501,D5
2501,E2
2501,E3
2501,E4
2501,E5
2501,F2
2501,F3
2501,F4
2501,F5
2501,G2
2501,G3
2501,G4
2501,G5
2501,H2
2501,H3
2501,H4
2501,H5
2236,A2
2236,A3
2236,A4
2236,A5
2236,B2
2236,B3
2236,B4
2236,B5
2236,C2
2236,C3
2236,C4
2236,C5
2236,C6
2236,D2
2236,D5
2236,E6
2236,F4
2236,F5
2236,F6
2233,A2
2233,A3
2233,A4
2233,A5
2233,A6
2233,B2
2233,B3
2233,B4
2233,B5
2233,B6
2233,C2
2233,C3
2233,C4
2233,C5
2233,D2
2233,D3
2233,D4
2233,D5
2233,E2
2233,E3
2233,E4
2233,G4
2233,G5
2233,G6
2233,H4
2233,H5
2233,H6
2508,A2
2508,A3
2508,A4
2508,A5
2508,B2
2508,B3
2508,B4
2508,B5
2508,C2
2508,C3
2508,C4
2508,C5
2508,D2
2508,D3
2508,D4
2508,D5
2508,E2
2508,E3
2508,E4
2508,E5
2508,F2
2508,F3
2508,F4
2508,F5
2508,G2
2508,G3
2508,G4
2508,G5
2508,H2
2508,H3
2508,H4
2508,H5
2234,A3
2234,A4
2234,A5
2234,B2
2234,B3
2234,B4
2234,B5
2234,B6
2234,C2
2234,C3
2234,C4
2234,C5
2234,C6
2234,D2
2234,D3
2234,D4
2234,D5
2234,D6
2234,E2
2234,E3
2234,E4
2234,E5
2234,F2
2234,F3
2234,F4
2234,F5
2234,G2
2234,G3
2234,G4
2234,G5
2505,B2
2505,B3
2505,B4
2505,B5
2505,C2
2505,C3
2505,C4
2505,C5
2505,D2
2505,D3
2505,D4
2505,D5
2505,E2
2505,E3
2505,E4
2505,E5
2505,F2
2505,F3
2505,F4
2505,F5
2505,G2
2505,G3
2505,G4
2505,G5
2505,H2
2505,H3
2505,H4
2505,H5
2502,C3
2502,C4
2502,C5
2502,D2
2502,D3
2502,D4
2502,D5
2502,E2
2502,E3
2502,E4
2502,E5
2502,F2
2502,F3
16090,A2
16090,A3
16090,A4
16090,A5
16090,B2
16090,B3
16090,B4
16090,B5
16090,C2
16090,C3
16090,C4
16090,C5
16090,D2
16090,D3
16090,D4
16090,D5
16090,E2
16090,E3
16090,E4
16090,E5
16090,F2
16090,F3
16090,F4
16090,F5
16090,G2
16090,G3
16090,G4
16096,A2
16096,A3
16096,A4
16096,B1
16096,B2
16096,B3
16096,B4
16096,B5
16096,B6
16096,C1
16096,C2
16096,C3
16096,C4
16096,C5
16096,C6
16096,D1
16096,D2
16096,D3
16096,D4
16096,D5
16096,D6
16096,E1
16096,E2
16096,E3
16096,E4
16096,E5
16096,E6
16096,F1
16096,F2
16096,F3
16096,F4
16096,F5
16096,F6
16096,G1
16096,G2
16096,G3
16096,G4
16096,G5
16096,G6
16096,H1
16096,H2
16096,H3
16096,H4
16096,H5
16096,H6
14276,A2
14276,A3
14276,B2
14276,B3
14276,C2
14276,C3
14276,D2
14276,D3
14276,E2
14276,E3
14276,F2
16092,F1
16092,F2
16092,G1
16092,G2
16092,H1
16092,H2
16095,A1
16095,A2
16095,A3
16095,A4
16095,A5
16095,B1
16095,B2
16095,B3
16095,B4
16095,B5
16095,C1
16095,C2
16095,C3
16095,C4
16095,C5
16095,D1
16095,D2
16095,D3
16095,D4
16095,D5
16095,E1
16095,E2
16095,E3
16095,E4
16095,E5
16095,F1
16095,F2
16095,F3
16095,F4
16095,F5
16095,G2
16095,G3
16095,G4
16121,B2
16121,B3
16121,B4
16121,C2
16121,C3
16121,C4
16121,C5
16121,D2
16121,D3
16121,D4
16121,D5
16121,E2
16121,E3
16121,E4
16121,E5
16121,F2
16121,F3
16121,F4
16121,F5
16121,G4
16121,G5
16136,C2
16136,C3
16136,C4
16136,D2
16136,D3
16136,D4
16136,D5
16136,E2
16136,E3
16136,E4
16136,E5
16136,F3
16136,F4
16136,F5
16136,G3
16136,G4
16136,G5
14402,E2
14402,E3
14402,E4
14402,E5
14402,F2
14402,F3
14402,F4
14402,F5
14402,G2
14402,G3
14402,G4
14402,G5
16137,B4
16137,B5
16137,C2
16137,C3
16137,C4
16137,C5
16137,D2
16137,D3
16137,D4
16137,D5
16137,E2
16137,E3
16137,E4
16137,E5
16137,F2
16137,F3
16137,F4
16137,F5
16137,G2
16137,G3
16137,G4
16137,G5
16147,C2
16147,C3
16147,C4
16147,D2
16147,D3
16147,D4
16147,D5
16147,E2
16147,E3
16147,E4
16147,E5
16147,F2
16147,F3
16147,F4
16147,F5
14454,B2
14454,B3
14454,B4
14454,C2
14454,C3
14454,C4
14454,C5
14454,D2
14454,D3
14454,D4
14454,D5
14454,E2
14454,E3
14454,E4
14454,E5
14454,F2
14454,F3
14454,F4
14454,F5
14454,G3
14454,G4
14454,G5
16086,B2
16086,B3
16086,B4
16086,B5
16086,C2
16086,C3
16086,C4
16086,C5
16086,D2
16086,D3
16086,D4
16086,D5
16086,E2
16086,E3
16086,E4
16086,E5
16086,F2
16086,F3
16086,F4
16086,F5
16086,G2
16086,G3
16086,G4
16086,G5
14395,A1
14395,A2
14395,A3
14395,A4
14395,A5
14395,A6
14395,B1
14395,B2
14395,B3
14395,B4
14395,B5
14395,B6
14395,C1
14395,C2
14395,C3
14395,C4
14395,C5
14395,C6
14395,D1
14395,D2
14395,D3
14395,D4
14395,D5
14395,D6
14395,E1
14395,E2
14395,E3
14395,E4
14395,E5
14395,E6
14395,F1
14395,F2
14395,F3
14395,F4
14395,F5
14395,F6
14395,G1
14395,G2
14395,G3
14395,G4
14395,G5
14395,G6
14395,H1
14395,H2
14395,H3
14395,H4
14395,H5
14395,H6
16144,B2
16144,B3
16144,B4
16144,B5
16144,C2
16144,C3
16144,C4
16144,C5
16144,D2
16144,D3
16144,D4
16144,D5
16144,E2
16144,E3
16144,E4
16144,E5
16144,F2
16144,F3
16144,F4
16144,F5
16144,G2
16144,G3
16144,G4
14358,B2
14358,B3
14358,B4
14358,B5
14358,C2
14358,C3
14358,C4
14358,C5
14358,D2
14358,D3
14358,D4
14358,D5
14358,E2
14358,E3
14358,E4
14358,E5
14358,F2
14358,F3
14358,F4
14358,F5
14358,G2
14358,G3
14358,G4
14358,G5
16118,A2
16118,A3
16118,A4
16118,A5
16118,B2
16118,B3
16118,B4
16118,B5
16118,C2
16118,C3
16118,C4
16118,C5
16118,D2
16118,D3
16118,D4
16118,D5
16118,E2
16118,E3
16118,E4
16118,E5
16118,F2
16118,F3
16118,F4
16118,F5
16118,G2
16118,G3
16118,G4
16118,G5
16118,H2
16118,H3
16118,H4
16118,H5
14317,B3
14317,B4
14317,C2
14317,C3
14317,C4
14317,D2
14317,D3
14317,D4
14317,E2
14317,E3
14317,E4
14317,F2
14317,F3
14317,F4
16084,B2
16084,B3
16084,B4
16084,C2
16084,C3
16084,C4
16084,C5
16084,D2
16084,D3
16084,D4
16084,D5
16084,E2
16084,E3
16084,E4
16084,E5
16084,F2
16084,F3
16084,F4
16084,F5
16084,G3
16084,G4
16084,G5
14419,B3
14419,B4
14419,B5
14419,C2
14419,C3
14419,C4
14419,C5
14419,D2
14419,D3
14419,D4
14419,D5
14419,E2
14419,E3
14419,E4
14419,E5
14419,F2
14419,F3
14419,F4
14419,F5
14419,G3
14419,G4
14419,G5
14455,B2
14455,B3
14455,B4
14455,B5
14455,C2
14455,C3
14455,C4
14455,C5
14455,D2
14455,D3
14455,D4
14455,D5
14455,E2
14455,E3
14455,E4
14455,E5
14455,F2
14455,F3
14455,F4
14455,F5
14455,G2
14455,G3
14455,G4
14455,G5
14420,B2
14420,B3
14420,B4
14420,B5
14420,C2
14420,C3
14420,C4
14420,C5
14420,D2
14420,D3
14420,D4
14420,D5
14420,E2
14420,E3
14420,E4
14420,E5
14420,F2
14420,F3
14420,F4
14420,F5
14420,G3
14420,G4
14420,G5
2835,A2
2835,A3
2835,A4
2835,B2
2835,B3
2835,B4
2835,C2
2835,C3
2835,C4
2835,D2
2835,D3
2835,D4
2835,E2
2835,E3
2835,G2
2835,G3
2835,G4
2835,G5
2835,H2
2835,H3
2835,H4
2835,H5
2932,A2
2932,A3
2932,A4
2932,A5
2932,B2
2932,B3
2932,B4
2932,B5
2932,C3
2932,C4
2932,C5
2932,D3
2932,D5
2926,B2
2926,B3
2926,B4
2926,B5
2926,C2
2926,C3
2926,C4
2926,C5
2926,D2
2926,D3
2926,D4
2926,D5
2926,E2
2926,E3
2926,E4
2926,E5
2926,F2
2926,F3
2926,F4
2926,F5
2926,G2
2926,G3
2926,G4
2926,G5
2926,H2
2926,H3
2926,H4
2926,H5
2930,A2
2930,A3
2930,A4
2930,B2
2930,B3
2930,B4
2930,B5
2930,C2
2930,C3
2930,C4
2930,C5
2930,D2
2930,D3
2930,D4
2930,D5
2930,E2
2930,E3
2930,E4
2930,E5
2930,F2
2930,F3
2930,F4
2930,F5
2930,G2
2930,G3
2930,G4
2930,G5
2930,H2
2930,H3
2930,H4
2930,H5
2933,B2
2933,B3
2933,B4
2933,B5
2933,C2
2933,C3
2933,C4
2933,C5
2933,D2
2933,D3
2933,D4
2933,D5
2933,E2
2933,E3
2933,E4
2933,E5
2933,F2
2933,F3
2933,F4
2933,F5
2933,G2
2933,G3
2933,G4
2933,G5
2933,H2
2933,H3
2933,H4
21938,C2
21938,C3
21938,C4
21938,C5
21938,D2
21938,D3
21938,D4
21938,D5
21938,E2
21938,E3
21938,E4
21938,E5
21938,F2
21938,F3
21938,F4
21938,F5
21938,G3
21938,G4
21938,G5
21937,B2
21937,B3
21937,B4
21937,B5
21937,C2
21937,C3
21937,C4
21937,C5
21937,D2
21937,D3
21937,D4
21937,D5
21937,E2
21937,E3
21937,E4
21937,E5
21937,F2
21937,F3
21937,F4
21937,F5
21937,G2
21937,G3
21937,G4
21937,G5
21937,H2
21937,H3
21937,H4
21900,B3
21900,B4
21900,B5
21900,C2
21900,C3
21900,C4
21900,C5
21900,D2
21900,D3
21900,D4
21900,D5
21900,E2
21900,E3
21900,E4
21900,E5
21900,F3
21900,F4
21900,F5
22105,B2
22105,B3
22105,B4
22105,B5
22105,C2
22105,C3
22105,C4
22105,C5
22105,D2
22105,D3
22105,D4
22218,A3
22218,A4
22218,A5
22218,B2
22218,B3
22218,B4
22218,B5
22218,C2
22218,C3
22218,C4
22218,D2
22218,D3
22218,D4
22218,D5
22218,E2
22218,E3
22218,E4
22218,E5
22218,F2
22218,F3
22218,F4
22218,F5
22218,G2
22218,G3
22218,G4
15800,B3
15800,B4
15800,B5
15800,C2
15800,C3
15800,C4
15800,C5
15800,C6
15800,D2
15800,D3
15800,D4
15800,D5
15800,D6
15800,E2
15800,E3
15800,E4
15800,E5
15800,E6
15800,F2
15800,F3
15800,F4
15800,F5
15800,F6
15800,G2
15800,G3
15800,G4
15800,G5
15800,G6
15800,H2
15800,H3
15800,H4
15800,H5
15800,H6
14574,A2
14574,A3
14574,A4
14574,A5
14574,B2
14574,B3
14574,B4
14574,B5
14574,C2
14574,C3
14574,C4
14574,C5
14574,D2
14574,D3
14574,D4
14574,D5
14574,E2
14574,E3
14574,E4
14574,E5
14574,F2
14574,F3
14574,F4
14574,F5
14574,G2
14574,G3
14574,G4
14574,G5
3562,A2
3562,A3
3562,A4
3562,A5
3562,B2
3562,B3
3562,B4
3562,B5
3562,G2
3562,G3
3562,G4
3562,H2
3562,H3
3562,H4
3561,B3
3561,B4
3561,B5
3561,C3
3561,C4
3561,C5
3561,C6
3561,D3
3561,D4
3561,D5
3561,D6
3561,E2
3561,E3
3561,E4
3561,E5
3561,E6
3561,F2
3561,F3
3561,F4
3561,G2
3561,G3
3561,G4
3264,A2
3264,A3
3264,A4
3264,A5
3264,B2
3264,B3
3264,B4
3264,B5
3264,C2
3264,C3
3264,C4
3264,C5
3264,D2
3264,D3
3264,D4
3264,D5
3264,E2
3264,E3
3264,E4
3264,E5
3264,F2
3264,F3
3264,F4
3264,F5
3264,G2
3264,G3
3264,G4
3264,G5
3264,H2
3264,H3
3264,H4
3264,H5
3265,A2
3265,A3
3265,A4
3265,A5
3265,B2
3265,B3
3265,B4
3265,B5
3265,C2
3265,C3
3265,C4
3265,C5
3265,D2
3265,D3
3265,D4
3265,D5
3265,E2
3265,E3
3265,E4
3265,E5
3265,F2
3265,F3
3265,F4
3265,F5
3265,G2
3265,G3
3265,G4
3265,H3
3265,H4
3265,H5
3549,A2
3549,A3
3549,A4
3549,A5
3549,B2
3549,B3
3549,B4
3549,B5
3549,C2
3549,C3
3549,C4
3549,C5
3549,D2
3549,D3
3549,D4
3549,D5
3549,E2
3549,E3
3549,E4
3549,E5
3549,F2
3549,F3
3549,F4
3549,F5
3549,G2
3549,G3
3549,G4
3549,G5
3549,H2
3549,H3
3549,H4
3549,H5
14655,E5
14655,F3
14655,F5
14655,G3
14655,G4
14655,G5
14655,H3
14655,H4
14655,H5
14674,A2
14674,A3
14674,A4
14674,A5
14674,B2
14674,B3
14674,B4
14674,B5
14674,C2
14674,C3
14674,C4
14674,C5
14674,D2
14674,D3
14674,D4
14674,D5
14674,E2
14674,E3
14674,E4
14674,E5
14674,F2
14674,F3
14674,F4
14674,F5
14674,G2
14674,G3
14674,G4
14674,G5
14674,H2
14674,H3
14674,H4
14674,H5
14630,D3
14630,D4
14630,D5
14630,E3
14630,E4
14630,E5
14630,F3
14630,F4
14630,F5
14630,G3
14630,G4
14630,G5
14642,C3
14642,C4
14642,C5
14642,D3
14642,D4
14642,D5
14642,E3
14642,E4
14642,E5
14642,G4
14642,G5
14642,H4
14642,H5
14675,A2
14675,A3
14675,A4
14675,B2
14675,B3
14675,B4
14675,C2
14675,C3
14675,C4
14675,C5
14675,D2
14675,D3
14675,D4
14675,D5
14675,E3
14675,E4
14675,E5
14675,F2
14675,F3
14675,F4
14675,F5
14675,G2
14675,G3
14675,G4
14675,G5
14675,H2
14675,H3
14675,H4
14675,H5
14577,B2
14577,B3
14577,B4
14577,B5
14577,C2
14577,C3
14577,C4
14577,C5
14577,D2
14577,D3
14577,D4
14577,D5
14577,E2
14577,E3
14577,E4
14577,E5
14577,F2
14577,F3
14577,F4
14577,F5
14577,G2
14577,G3
14577,G4
14577,G5
14605,A2
14605,A3
14605,A4
14605,A5
14605,B2
14605,B3
14605,B4
14605,B5
14605,C2
14605,C3
14605,C4
14605,C5
14605,D3
14605,D4
14605,D5
14605,E3
14605,E4
14605,E5
14605,F3
14605,F4
14605,F5
14578,B2
14578,B3
14578,B4
14578,C2
14578,C3
14578,C4
14578,C5
14578,D2
14578,D3
14578,D4
14578,D5
14578,E3
14578,E4
14578,E5
14677,G2
14677,H2
15797,A2
15797,A3
15797,A4
15797,A5
15797,B2
15797,B3
15797,B4
15797,B5
15797,C4
15797,G2
15797,G3
15797,G4
15797,G5
15797,H1
15797,H2
15797,H3
15797,H4
15797,H5
15802,B2
15802,B3
15802,B4
15802,B5
15802,C2
15802,C3
15802,C4
15802,C5
15802,D2
15802,D3
15802,D4
15802,D5
15802,E2
15802,E3
15802,E4
15802,E5
15802,F2
15802,F3
15802,F4
15802,F5
15802,G2
15802,G3
15802,G4
15802,G5
15802,H1
15802,H2
15802,H3
15802,H4
15802,H5
14676,C2
14676,C3
14676,C4
14676,D2
14676,D3
14676,D4
14676,E2
14676,E3
14676,E4
14676,E5
14676,F2
14676,F4
14676,F5
14676,G2
14676,G3
14676,G4
14676,G5
14676,H2
14676,H3
14676,H4
14676,H5
14570,G2
14570,G3
14570,G4
14570,H2
14570,H3
14570,H4
15792,A3
15792,A4
15792,A5
15792,B3
15792,B4
15792,B5
15792,C3
15792,C4
15792,C5
15792,D2
15792,D3
15792,D4
15792,D5
15792,E2
15792,E3
15792,E4
15792,E5
15792,F2
15792,F3
15792,F4
15792,F5
15792,G1
15792,G2
15792,G3
15792,G4
15792,G5
15792,H1
15792,H2
14660,A2
14660,A3
14660,A4
14660,A5
14660,B2
14660,B3
14660,B4
14660,B5
14660,C2
14660,C3
14660,C4
14660,C5
14660,D2
14660,D3
14660,D4
14660,D5
14660,E2
14660,E3
14660,E4
14660,E5
14660,F2
14660,F3
14660,F4
14660,F5
14660,G2
14660,G3
14660,G4
14660,G5
14660,H2
14660,H3
14660,H4
14660,H5
14596,A3
14596,A4
14596,A5
14596,B3
14596,B4
14596,B5
14596,C2
14596,C3
14596,C4
14596,C5
14596,D2
14596,D3
14596,D4
14596,D5
14596,E2
14596,E3
14596,E4
14596,E5
14596,F2
14596,F3
14596,F4
14596,F5
14596,G2
14596,G3
14596,G4
14596,G5
14596,H2
14596,H3
14596,H4
14596,H5
14569,A2
14569,A3
14569,A4
14569,A5
14569,B2
14569,B3
14569,B4
14569,B5
14569,C2
14569,C3
14569,C4
14569,C5
14569,D1
14569,D2
14569,D3
14569,D4
14569,D5
14569,E1
14569,E2
14569,E3
14569,E4
14569,E5
14569,F1
14569,F2
14569,F3
14569,F4
14569,F5
14569,G2
14569,G3
14569,G4
14569,G5
14569,H2
14569,H3
14569,H4
14569,H5
15830,C2
15830,C3
15830,C4
15830,C5
15830,D2
15830,D3
15830,D4
15830,D5
15830,E2
15830,E3
15830,E4
15830,E5
15830,F2
15830,F3
15830,F4
15830,F5
15830,G2
15830,G3
15830,G4
15830,G5
15830,H2
15830,H3
15830,H4
15830,H5
15796,B2
15796,B3
15796,B4
15796,B5
15796,C2
15796,C3
15796,C4
15796,C5
15796,D2
15796,D3
15796,D4
15796,D5
15796,E2
15796,E3
15796,E4
15796,E5
15796,F2
15796,F3
15796,F4
15796,F5
15796,G2
15796,G3
15796,G4
15796,G5
15796,H2
15796,H3
15796,H4
15796,H5
14673,A2
14673,A3
14673,A4
14673,A5
14673,B2
14673,B3
14673,B4
14673,B5
14673,C2
14673,C3
14673,C4
14673,C5
14673,D2
14673,D3
14673,D4
14673,D5
14673,E2
14673,E3
14673,E4
14673,E5
14673,F2
14673,F3
14673,F4
14673,F5
14673,G2
14673,G3
14673,G4
14673,G5
14673,H2
14673,H3
14673,H4
14673,H5
15794,B2
15794,B3
15794,B4
15794,C2
15794,C3
15794,C4
15794,D2
15794,D3
15794,D4
15794,E2
15794,E3
15794,E4
15794,E5
15794,F2
15794,F3
15794,F4
15794,F5
15794,G2
15794,G3
15794,G4
15794,G5
2776,B2
2776,B3
2776,B4
2776,B5
2776,C2
2776,C3
2776,C4
2776,C5
2776,D2
2776,D3
2776,D4
2776,D5
2776,E2
2776,E3
2776,E4
2507,B2
2507,B3
2507,B4
2507,B5
2507,C2
2507,C3
2507,C4
2507,C5
2507,D2
2507,D3
2507,D4
2507,D5
2507,E2
2507,E3
2507,E4
2507,E5
2507,F2
2507,F3
2507,F4
2507,F5
2507,G2
2507,G3
2507,G4
2507,G5
2507,H2
2507,H3
2507,H4
2507,H5
2230,A1
2230,A2
2230,A3
2230,A4
2230,A5
2230,B1
2230,B2
2230,B3
2230,B4
2230,B5
2230,C1
2230,C2
2230,C3
2230,C4
2230,C5
2230,D1
2230,D2
2230,D3
2230,D4
2230,D5
2230,E1
2230,E2
2230,E3
2230,E4
2230,E5
2230,F1
2230,F2
2230,F3
2230,F4
2230,F5
2230,G1
2230,G2
2230,G3
2230,G4
2230,G5
2230,H1
2230,H2
2230,H3
2230,H4
2230,H5
22516,A1
22516,A2
22516,A3
22516,A4
22516,A5
22516,B1
22516,B2
22516,B3
22516,B4
22516,B5
22516,C1
22516,C2
22516,C3
22516,C4
22516,C5
22516,D1
22516,D2
22516,D3
22516,D4
22516,D5
22516,E1
22516,E2
22516,E3
22516,E4
22516,E5
22516,F1
22516,F2
22516,F3
22516,F4
22516,F5
22516,G1
22516,G2
22516,G3
22516,G4
22516,G5
22516,H1
22516,H2
22516,H3
22516,H4
22516,H5
22678,A2
22678,A3
22678,A4
22678,B2
22678,B3
22678,B4
22678,B5
22678,C2
22678,C3
22678,C4
22678,C5
22678,D2
22678,D3
22678,D4
22678,D5
22678,E2
22678,E3
22678,E4
22678,E5
22678,F2
22678,F3
22678,F4
22678,F5
22678,G2
22678,G3
22678,G4
22678,G5
22678,H2
22678,H3
22678,H4
22678,H5
22558,A1
22558,A2
22558,A3
22558,A4
22558,B1
22558,B2
22558,B3
22558,B4
22558,B5
22558,C1
22558,C2
22558,C3
22558,C4
22558,C5
22558,D1
22558,D2
22558,D3
22558,D4
22558,D5
22558,E1
22558,E2
22558,E3
22558,E4
22558,E5
22558,F1
22558,F2
22558,F3
22558,F4
22558,F5
22558,G1
22558,G2
22558,G3
22558,G4
22558,G5
22558,H1
22558,H2
22558,H3
22558,H4
22558,H5
14568,A2
14568,A3
14568,A4
14568,A5
14568,B2
14568,B3
14568,B4
14568,B5
14568,C2
14568,C3
14568,C4
14568,C5
14568,D2
14568,D3
14568,D4
14568,D5
14568,E2
14568,E3
14568,E4
14568,E5
14568,F2
14568,F3
14568,F4
14568,F5
14568,G2
14568,G3
14568,G4
14568,G5
22754,A1
22754,A2
22754,A3
22754,A4
22754,A5
22754,A6
22754,B1
22754,B2
22754,B3
22754,B4
22754,B5
22754,B6
22754,C1
22754,C2
22754,C3
22754,C4
22754,C5
22754,C6
22754,D1
22754,D2
22754,D3
22754,D4
22754,D5
22754,D6
22754,E1
22754,E2
22754,E3
22754,E4
22754,E5
22754,F1
22754,F2
22754,F3
22754,F4
22754,F5
22754,G1
22754,G2
22754,G3
22754,G4
22754,G5
22754,G6
22754,H1
22754,H2
22754,H3
22754,H4
22754,H5
22754,H6
22710,A2
22710,A3
22710,A4
22710,A5
22710,A6
22710,B2
22710,B3
22710,B4
22710,B5
22710,B6
22710,C2
22710,C3
22710,C4
22710,C5
22710,C6
22710,D2
22710,D3
22710,D4
22710,D5
22710,D6
22710,E2
22710,E3
22710,E4
22710,E5
22710,E6
22710,F2
22710,F3
22710,F4
22710,F5
22710,F6
22710,G2
22710,G3
22710,G4
22710,G5
22710,G6
22710,H2
22710,H3
22710,H4
22710,H5
22710,H6
22712,B2
22712,B3
22712,B4
22712,B5
22712,C2
22712,C3
22712,C4
22712,C5
22712,D2
22712,D3
22712,D4
22712,D5
22712,E2
22712,E3
22712,E4
22712,F2
22712,F3
22712,F4
22712,F5
22712,G2
22712,G3
22712,G4
22712,G5
22712,H2
22712,H3
22712,H4
22712,H5
22597,A2
22597,A3
22597,A4
22597,A5
22597,A6
22597,B2
22597,B3
22597,B4
22597,B5
22597,B6
22597,C2
22597,C3
22597,C4
22597,C5
22597,C6
22597,D2
22597,D3
22597,D4
22597,D5
22597,D6
22597,E2
22597,E3
22597,E4
22597,E5
22597,E6
22597,F2
22597,F3
22597,F4
22597,F5
22597,F6
22597,G2
22597,G3
22597,G4
22597,G5
22597,G6
22597,H2
22597,H3
22597,H4
22597,H5
22597,H6
22465,A2
22465,A3
22465,A4
22465,B2
22465,B3
22465,B4
22465,D2
22465,D3
22465,D4
22465,E2
22465,E3
22465,E4
22465,F2
22465,F3
22465,F4
22465,G2
22465,G3
22465,G4
22465,H2
22465,H3
22465,H4
22596,A1
22596,A2
22596,A3
22596,A4
22596,A5
22596,A6
22596,B1
22596,B2
22596,B3
22596,B4
22596,B5
22596,B6
22596,C1
22596,C2
22596,C3
22596,C4
22596,C5
22596,C6
22596,D1
22596,D2
22596,D3
22596,D4
22596,D5
22596,D6
22596,E1
22596,E2
22596,E3
22596,E4
22596,E5
22596,E6
22596,F1
22596,F2
22596,F3
22596,F4
22596,F5
22596,F6
22596,G1
22596,G2
22596,G3
22596,G4
22596,G5
22596,G6
22596,H1
22596,H2
22596,H3
22596,H4
22596,H5
22745,A2
22745,A3
22745,A4
22745,A5
22745,B2
22745,B3
22745,B4
22745,B5
22745,C2
22745,C3
22745,C4
22745,C5
22745,D2
22745,D3
22745,D4
22745,D5
22745,E2
22745,E3
22745,E4
22745,E5
22745,F3
22745,F4
22745,F5
22745,G2
22745,G3
22745,G4
22745,G5
22745,H2
22745,H3
22745,H4
22745,H5
22589,A3
22589,A4
22589,A5
22589,A6
22589,B3
22589,B4
22589,B5
22589,B6
22589,D2
22589,D3
22589,E2
22589,E3
22589,F2
22589,F3
22622,A1
22622,A2
22622,A3
22622,A4
22622,A5
22622,A6
22622,B1
22622,B2
22622,B3
22622,B4
22622,B5
22622,B6
22622,C1
22622,C2
22622,C3
22622,C4
22622,C5
22622,C6
22622,D1
22622,D2
22622,D3
22622,D4
22622,D5
22622,D6
22622,E1
22622,E2
22622,E3
22622,E4
22622,E5
22622,E6
22622,F1
22622,F2
22622,F3
22622,F4
22622,F5
22622,F6
22622,G1
22622,G2
22622,G3
22622,G4
22622,G5
22622,G6
22622,H1
22622,H2
22622,H3
22622,H4
22622,H5
22595,A2
22595,A3
22595,A4
22595,A5
22595,B2
22595,B3
22595,B4
22595,B5
22595,C2
22595,C3
22595,C4
22595,C5
22595,D2
22595,D3
22595,D4
22595,D5
22595,E2
22595,E3
22595,E4
22595,E5
22595,F2
22595,F3
22595,F4
22595,F5
22595,G2
22595,G3
22595,G4
22595,G5
22595,H2
22595,H3
22595,H4
22595,H5
22702,A2
22702,A3
22702,A4
22702,B2
22702,B3
22702,B4
22702,B5
22702,B6
22702,C5
22702,C6
22702,D2
22702,D3
22702,D4
22702,D5
22702,D6
22702,E2
22702,E3
22702,E4
22702,F2
22702,F3
22702,F4
22702,G2
22702,G3
22702,G4
22702,H2
22702,H3
22702,H4
22593,A5
22593,A6
22593,B2
22593,B3
22593,B4
22593,B5
22593,B6
22593,C2
22593,C3
22593,C4
22593,C5
22593,D2
22593,D3
22593,D4
22593,D5
22593,E2
22593,E3
22593,E4
22593,E5
22593,F2
22593,F3
22593,F4
22593,F5
22593,G2
22593,G3
22593,G4
22593,G5
22593,H2
22593,H3
22593,H4
22593,H5
22686,B2
22686,B3
22686,C2
22686,C3
22686,D2
22686,D3
22686,E2
22686,E3
22623,B2
22623,B3
22623,B4
22623,B5
22623,B6
22623,C2
22623,C3
22623,C4
22623,C5
22623,C6
22623,D1
22623,D2
22623,D3
22623,D4
22623,D5
22623,D6
22623,E1
22623,E2
22623,E3
22623,E4
22623,E5
22623,E6
22623,F1
22623,F2
22623,F3
22623,F4
22623,F6
22623,G1
22623,G2
22623,G3
22623,G4
22623,G6
22623,H1
22623,H2
22753,A4
22753,A5
22753,B2
22753,B3
22753,B4
22753,B5
22753,C2
22753,C3
22753,C4
22753,C5
22753,D2
22753,D3
22753,D4
22753,D5
22753,E3
22753,E4
22753,E5
22599,B3
22599,B4
22599,B5
22599,C3
22599,C4
22599,C5
22599,D3
22599,D4
22599,D5
22599,D6
22599,E3
22599,E4
22599,E5
22599,E6
22599,F3
22599,F4
22599,F5
22599,F6
22599,G3
22599,G4
22599,G5
22599,G6
22599,H3
22599,H4
22599,H5
22683,B2
22683,B3
22683,B4
22683,B5
22683,C2
22683,C3
22683,C4
22683,C5
22683,D2
22683,D3
22683,D4
22683,D5
22683,E2
22683,E3
22683,E4
22683,E5
22683,F2
22683,F3
22683,F4
22683,F5
22683,G2
22683,G3
22683,G4
22683,G5
22683,H2
22683,H3
22683,H4
22683,H5
22560,A6
22560,B3
22560,B4
22560,B5
22560,B6
22560,C3
22560,C4
22560,C5
22560,C6
22560,D3
22560,D4
22560,D5
22560,D6
22560,E3
22560,E4
22560,E5
22560,E6
22560,F3
22560,F4
22560,F5
22560,F6
22560,G3
22560,G4
22560,G5
22560,G6
22560,H3
22560,H4
22560,H5
22560,H6
22624,B1
22624,B2
22624,B3
22624,B4
22624,B5
22624,B6
22624,C1
22624,C2
22624,C3
22624,C4
22624,C5
22624,C6
22624,D1
22624,D2
22624,D3
22624,D4
22624,D5
22624,D6
22624,E1
22624,E2
22624,E3
22624,E4
22624,E5
22624,E6
22624,F1
22624,F2
22624,F3
22624,F4
22624,F5
22624,F6
22624,G1
22624,G2
22624,G3
22624,G4
22624,G5
22624,G6
22624,H1
22624,H2
22624,H3
22624,H4
22624,H5
22624,H6
22688,A3
22688,A4
22688,A5
22688,A6
22688,B1
22688,B2
22688,B3
22688,B4
22688,B5
22688,B6
22688,C1
22688,C2
22688,C3
22688,C4
22688,C5
22688,C6
22688,D1
22688,D2
22688,D3
22688,D4
22688,D5
22688,D6
22688,E2
22688,E3
22688,E4
22688,E5
22688,E6
22688,F2
22688,F3
22688,F4
22688,F5
22688,F6
22688,G1
22688,G2
22688,G3
22688,G4
22688,G5
22688,G6
22688,H1
22688,H2
22688,H4
22688,H5
22688,H6
22621,B2
22621,B3
22621,B4
22621,B5
22621,C2
22621,C3
22621,C4
22621,C5
22621,D2
22621,D3
22621,D4
22621,D5
22621,E2
22621,E3
22621,E4
22621,E5
22621,F2
22621,F3
22621,F4
22621,F5
22621,G2
22621,G3
22621,G4
22621,G5
22562,B2
22562,B3
22562,B4
22562,B5
22562,B6
22562,C2
22562,C3
22562,C4
22562,C5
22562,C6
22562,D2
22562,D3
22562,D4
22562,D5
22562,D6
22562,E2
22562,E3
22562,E4
22562,E5
22562,E6
22562,F2
22562,F3
22562,F4
22562,F5
22562,F6
22562,G2
22562,G3
22562,G4
22562,G5
22562,G6
22562,H2
22562,H3
22562,H4
22562,H5
22562,H6
22563,A2
22563,A3
22563,A4
22563,A5
22563,B2
22563,B3
22563,B4
22563,B5
22563,C2
22563,C3
22563,C4
22563,C5
22563,D2
22563,D3
22563,D4
22563,D5
22563,E2
22563,E3
22563,E4
22563,E5
22563,F2
22563,F3
22563,F4
22563,F5
22563,G2
22563,G3
22563,G4
22563,G5
22563,H2
22563,H3
22563,H4
22563,H5
22563,812
22563,813
22563,814
22563,815
22631,B2
22631,B3
22631,B4
22631,B5
22631,C2
22631,C3
22631,C4
22631,C5
22631,D2
22631,D3
22631,D4
22631,D5
22631,E2
22631,E3
22631,E4
22631,E5
22631,F2
22631,F3
22631,F4
22631,F5
22631,G2
22631,G3
22631,G4
22631,G5
22631,H2
22631,H3
22631,H4
22631,H5
22676,B1
22676,B2
22676,B3
22676,B4
22676,B5
22676,C1
22676,C2
22676,C3
22676,C4
22676,C5
22676,C6
22676,D1
22676,D2
22676,D3
22676,D4
22676,D5
22676,D6
22676,E1
22676,E2
22676,E3
22676,E4
22676,E5
22676,E6
22676,F1
22676,F2
22676,F3
22676,F4
22676,F5
22603,A3
22603,A4
22603,A5
22603,B2
22603,B3
22603,B4
22603,B5
22603,C2
22603,C3
22603,C4
22603,C5
22603,D2
22603,D3
22603,D4
22603,D5
22603,E2
22603,E3
22603,E4
22603,E5
22603,F3
22603,F4
22603,F5
22603,G3
22603,G4
22603,G5
22627,A1
22627,A2
22627,A3
22627,A4
22627,A5
22627,A6
22627,B1
22627,B2
22627,B3
22627,B4
22627,B5
22627,B6
22627,C1
22627,C2
22627,C3
22627,C4
22627,C5
22627,C6
22627,D1
22627,D2
22627,D3
22627,D4
22627,D5
22627,D6
22627,E1
22627,E2
22627,E3
22627,E4
22627,E5
22627,E6
22627,F1
22627,F2
22627,F3
22627,F4
22627,F5
22627,F6
22627,G1
22627,G2
22627,G3
22627,G4
22627,G5
22627,G6
22627,H1
22627,H2
22627,H3
22627,H4
22627,H5
22635,A3
22635,A4
22635,B2
22635,B3
22635,B4
22635,C2
22635,C3
22635,C4
22635,C5
22635,D2
22635,D3
22635,D4
22635,E2
22635,E3
22635,E4
22635,F2
22635,F3
22635,F4
22635,G3
22602,A2
22602,A3
22602,A4
22602,A5
22602,A6
22602,B1
22602,B2
22602,B3
22602,B4
22602,B5
22602,B6
22602,C1
22602,C2
22602,C3
22602,C4
22602,C5
22602,C6
22602,D1
22602,D2
22602,D3
22602,D4
22602,D5
22602,D6
22602,E1
22602,E2
22602,E3
22602,E4
22602,E5
22602,E6
22602,F1
22602,F2
22602,F3
22602,F4
22602,F5
22602,F6
22602,G1
22602,G2
22602,G3
22602,G4
22602,G5
22602,G6
22602,H1
22602,H2
22602,H3
22602,H4
22602,H5
22602,H6
22685,A3
22685,A4
22685,A5
22685,A6
22685,B3
22685,B4
22685,B5
22685,B6
22685,C1
22685,C2
22685,C3
22685,C4
22685,C5
22685,C6
22685,D1
22685,D2
22685,D3
22685,D4
22685,D5
22685,D6
22685,E1
22685,E2
22685,E3
22685,E4
22685,E5
22685,F1
22685,F2
22685,F3
22685,F4
22685,F5
22685,F6
22685,G1
22685,G2
22685,G3
22685,G4
22685,G5
22685,G6
22685,H1
22685,H2
22685,H3
22685,H4
22685,H5
22685,H6
22564,A3
22564,A4
22564,A5
22564,A6
22564,B3
22564,B4
22564,B5
22564,B6
22564,C2
22564,C3
22564,C4
22564,C5
22564,C6
22564,D1
22564,D2
22564,D3
22564,D4
22564,D5
22564,D6
22564,E1
22564,E2
22564,E3
22564,E4
22564,E5
22564,E6
22564,F1
22564,F2
22564,F3
22564,F4
22564,F5
22564,F6
22564,G1
22564,G2
22564,G3
22564,G4
22564,G5
22564,G6
22564,H1
22564,H2
22564,H3
22564,H4
22564,H5
22564,H6
22564,791
22564,792
22684,A3
22684,A4
22684,A5
22684,A6
22684,B1
22684,B2
22684,B3
22684,B4
22684,B5
22684,B6
22684,C1
22684,C2
22684,C3
22684,C4
22684,C5
22684,C6
22684,D1
22684,D2
22684,D3
22684,D4
22684,D5
22684,D6
22684,E1
22684,E2
22684,E3
22684,E4
22684,E5
22684,E6
22684,F1
22684,F2
22684,F3
22684,F4
22684,F5
22684,F6
22684,G2
22684,G3
22684,G4
22684,G5
22684,H3
22684,H4
22684,H5
22598,A1
22598,A2
22598,A3
22598,A4
22598,A5
22598,A6
22598,B1
22598,B2
22598,B3
22598,B4
22598,B5
22598,B6
22598,C1
22598,C2
22598,C3
22598,C4
22598,C5
22598,C6
22598,D1
22598,D2
22598,D3
22598,D4
22598,D5
22598,D6
22598,E1
22598,E2
22598,E3
22598,E4
22598,E5
22598,E6
22598,F1
22598,F2
22598,F3
22598,F4
22598,F5
22598,F6
22598,G1
22598,G2
22598,G3
22598,G4
22598,G5
22598,G6
22569,A1
22569,A2
22569,A3
22569,A4
22569,A5
22569,B1
22569,B2
22569,B3
22569,B4
22569,B5
22569,C1
22569,C2
22569,C3
22569,C4
22569,C5
22569,D1
22569,D2
22569,D3
22569,D4
22569,E1
22569,E2
22569,E3
22569,E4
22569,F1
22569,F2
22569,F3
22569,F4
22569,G1
22569,G2
22569,G3
22569,G4
22569,H1
22569,H2
22569,H3
22569,H4
22561,A1
22561,A2
22561,A3
22561,A4
22561,A5
22561,A6
22561,B1
22561,B2
22561,B3
22561,B4
22561,B5
22561,B6
22561,C1
22561,C2
22561,C3
22561,C4
22561,C5
22561,C6
22561,D2
22561,D3
22561,D4
22561,D5
22561,D6
22561,E2
22561,E3
22561,E4
22561,E5
22561,E6
22561,F2
22561,F3
22561,F4
22561,F5
22561,F6
22561,G1
22561,G2
22561,G3
22561,G4
22561,G5
22561,H1
22561,H2
22561,H3
28789,A2
28789,A3
28789,A4
28789,A5
28789,A6
28789,B2
28789,B3
28789,B4
28789,B5
28789,B6
28789,C2
28789,C3
28789,C4
28789,C5
28789,C6
28789,D2
28789,D3
28789,D4
28789,D5
28789,D6
28789,E2
28789,E3
28789,E4
28789,E5
28789,E6
28789,F2
28789,F3
28789,F4
28789,F5
28789,F6
28789,G2
28789,G3
28789,G4
28789,G5
28789,G6
28789,H2
28789,H3
28789,H4
28789,H5
28789,H6
28807,A1
28807,A2
28807,A3
28807,A4
28807,A5
28807,A6
28807,B1
28807,B2
28807,B3
28807,B4
28807,B5
28807,B6
28807,C1
28807,C2
28807,C3
28807,C4
28807,C5
28807,C6
28807,D1
28807,D2
28807,D3
28807,D4
28807,D5
28807,D6
28807,E1
28807,E2
28807,E3
28807,E4
28807,E5
28807,E6
28807,F1
28807,F2
28807,F3
28807,F4
28807,F5
28807,F6
28807,G1
28807,G2
28807,G3
28807,G4
28807,G5
28807,G6
28807,H1
28807,H2
28807,H3
28807,H4
28807,H5
28807,H6
28844,B1
28844,B2
28844,B3
28844,B4
28844,B5
28844,B6
28844,C1
28844,C2
28844,C3
28844,C4
28844,C5
28844,C6
28844,D1
28844,D2
28844,D3
28844,D4
28844,D5
28844,D6
28844,E1
28844,E2
28844,E3
28844,E4
28844,E5
28844,E6
28844,F1
28844,F2
28844,F3
28844,F4
28844,F5
28844,F6
28844,G1
28844,G2
28844,G3
28844,G4
28844,G5
28844,G6
28934,A2
28934,A3
28934,A4
28934,B2
28934,B3
28934,C2
28934,C3
28934,C5
28934,D2
28934,D3
28934,D6
28934,E2
28934,E3
28934,E6
28934,F2
28934,F3
28934,G2
28934,G3
28934,H2
28934,H3
28827,A1
28827,A2
28827,A3
28827,A4
28827,A5
28827,B1
28827,B2
28827,B3
28827,B4
28827,B5
28827,C1
28827,C2
28827,C3
28827,C4
28827,C5
28827,D1
28827,D2
28827,D3
28827,D4
28827,D5
28827,E1
28827,E2
28827,E3
28827,E4
28827,E5
28827,F1
28827,F2
28827,F3
28827,F4
28827,F5
28827,G1
28827,G2
28827,G3
28827,G4
28827,G5
28864,A1
28864,A2
28864,A3
28864,A4
28864,A5
28864,A6
28864,B1
28864,B2
28864,B3
28864,B4
28864,B5
28864,B6
28864,C1
28864,C2
28864,C3
28864,C4
28864,C5
28864,C6
28864,D1
28864,D2
28864,D3
28864,D4
28864,D5
28864,D6
28864,E1
28864,E2
28864,E3
28864,E4
28864,E5
28864,E6
28864,F1
28864,F2
28864,F3
28864,F4
28864,F5
28864,F6
28864,G1
28864,G2
28864,G3
28864,G4
28864,G5
28864,G6
28864,H1
28864,H2
28864,H3
28864,H4
28864,H5
28864,H6
28848,B1
28848,B2
28848,B3
28848,B4
28848,B5
28848,B6
28848,C1
28848,C2
28848,C3
28848,C4
28848,C5
28848,C6
28848,D1
28848,D2
28848,D3
28848,D4
28848,D5
28848,D6
28848,E1
28848,E2
28848,E3
28848,E4
28848,E5
28848,E6
28848,F1
28848,F2
28848,F3
28848,F4
28848,F5
28848,F6
28848,G1
28848,G2
28848,G3
28848,G4
28848,G5
28848,G6
28848,H1
28848,H2
28848,H3
28848,H4
28848,H5
28848,H6
28813,A2
28813,A3
28813,A4
28813,A5
28813,B2
28813,B3
28813,B4
28813,B5
28813,C2
28813,C3
28813,C4
28813,C5
28813,D1
28813,D2
28813,D3
28813,D4
28813,D5
28813,E1
28813,E2
28813,E3
28813,E4
28813,E5
28813,F1
28813,F2
28813,F3
28813,F4
28813,F5
28813,G2
28813,G3
28813,G4
28813,G5
28813,H2
28813,H3
28813,H4
28813,H5
28787,B2
28787,B3
28787,B4
28787,B5
28787,C2
28787,C3
28787,C4
28787,C5
28787,D2
28787,D3
28787,D4
28787,D5
28787,E2
28787,E3
28787,E4
28787,E5
28787,F2
28787,F3
28787,F4
28787,F5
28787,G2
28787,G3
28787,G4
28787,G5
28845,A2
28845,A3
28845,A4
28845,A5
28845,A6
28845,B2
28845,B3
28845,B4
28845,B5
28845,B6
28845,C2
28845,C3
28845,C4
28845,C5
28845,C6
28845,D2
28845,D3
28845,D4
28845,D5
28845,D6
28845,E2
28845,E3
28845,E4
28845,E5
28845,E6
28845,F2
28845,F3
28845,F4
28845,F5
28845,F6
28845,G2
28845,G3
28845,G4
28845,G5
28929,A1
28929,A2
28929,A3
28929,A4
28929,A5
28929,B1
28929,B2
28929,B3
28929,B4
28929,B5
28929,C1
28929,C2
28929,C3
28929,C4
28929,C5
28929,D1
28929,D2
28929,D3
28929,D4
28929,D5
28929,E1
28929,E2
28929,E3
28929,E4
28929,E5
28929,F1
28929,F2
28929,F3
28929,F4
28929,F5
28929,G1
28929,G2
28929,G3
28929,G4
28929,G5
28929,H1
28929,H2
28929,H3
28929,H4
28929,H5
28909,B1
28909,B2
28909,B3
28909,B4
28909,B5
28909,C1
28909,C2
28909,C3
28909,C4
28909,C5
28909,D1
28909,D2
28909,D3
28909,D4
28909,D5
28909,E1
28909,E2
28909,E3
28909,E4
28909,E5
28909,F1
28909,F2
28909,F3
28909,F4
28909,F5
28909,G1
28909,G2
28909,G3
28909,G4
28909,G5
28909,H2
28909,H3
28909,H4
28909,H5
28775,B2
28775,B3
28775,B4
28775,B5
28775,C2
28775,C3
28775,C4
28775,C5
28775,D2
28775,D3
28775,D4
28775,D5
28775,E2
28775,E3
28775,E4
28775,E5
28775,F2
28775,F3
28775,F4
28775,F5
28775,G2
28775,G3
28775,G4
28775,G5
28846,A2
28846,A3
28846,A4
28846,A5
28846,B2
28846,B3
28846,B4
28846,B5
28846,C2
28846,C3
28846,C4
28846,C5
28846,D2
28846,D3
28846,D4
28846,D5
28846,E2
28846,E3
28846,E4
28846,E5
28846,F2
28846,F3
28846,F4
28846,F5
28846,G2
28846,G3
28846,G4
28846,G5
28830,B2
28830,B3
28830,B4
28830,B5
28830,C2
28830,C3
28830,C4
28830,C5
28830,D2
28830,D3
28830,D4
28830,D5
28830,E2
28830,E3
28830,E4
28830,E5
28830,F2
28830,F3
28830,F4
28830,F5
28830,G2
28830,G3
28830,G4
28830,G5
28830,H2
28830,H3
28830,H4
28830,H5
28926,A2
28926,A3
28926,A4
28926,A5
28926,B2
28926,B3
28926,B4
28926,B5
28926,C2
28926,C3
28926,C4
28926,C5
28926,D2
28926,D3
28926,D4
28926,D5
28926,E2
28926,E3
28926,E4
28926,E5
28926,F2
28926,F3
28926,F4
28926,F5
28926,G2
28926,G3
28926,G4
28926,G5
28926,H2
28926,H3
28926,H4
28926,H5
28866,A2
28866,A3
28866,A4
28866,A5
28866,A6
28866,B2
28866,B3
28866,B4
28866,B5
28866,B6
28866,C2
28866,C3
28866,C4
28866,C5
28866,C6
28866,D2
28866,D3
28866,D4
28866,D5
28866,D6
28866,E2
28866,E3
28866,E4
28866,E5
28866,E6
28866,F2
28866,F3
28866,F4
28866,F5
28866,F6
28866,G2
28866,G3
28866,G4
28866,G5
28866,G6
28911,B2
28911,B3
28911,C2
28911,C3
28911,C4
28911,C5
28911,D2
28911,D3
28911,D4
28911,D5
28911,E2
28911,E3
28911,E4
28911,E5
28911,E6
28911,F2
28911,F3
28911,F4
28911,F5
28911,F6
28911,G2
28911,G3
28911,G4
28911,G5
28911,G6
28911,H2
28911,H3
28911,H4
28911,H5
28911,H6
28815,D1
28815,D2
28815,E1
28815,E2
28815,E3
28815,E4
28815,F1
28815,F2
28815,F3
28815,F4
28815,G2
28815,G3
28815,G4
28933,B2
28933,B3
28933,B4
28933,C2
28933,C3
28933,C4
28933,D2
28933,D3
28933,D4
28933,E2
28933,E3
28933,F2
28933,F3
22687,B4
22687,B5
22687,C2
22687,C3
22687,C4
22687,C5
22687,D2
22687,D3
22687,D4
22687,D5
22687,E2
22687,E3
22687,E4
22687,E5
22687,F1
22687,F2
22687,F3
22687,F4
22687,F5
22687,G1
22687,G2
22687,G3
22687,G4
22687,G5
22687,H1
22687,H2
22687,H3
22687,H4
22687,H5
22749,B1
22749,B2
22749,B3
22749,B4
22749,B5
22749,C1
22749,C2
22749,C3
22749,C4
22749,C5
22749,D1
22749,D2
22749,D3
22749,D4
22749,D5
22749,E1
22749,E2
22749,E3
22749,E4
22749,E5
22749,F1
22749,F2
22749,F3
22749,F4
22749,F5
22749,G1
22749,G2
22749,G3
22749,G4
22749,G5
22749,H2
22749,H3
22749,H4
22749,H5
22752,A2
22752,A3
22752,A4
22752,A5
22752,B2
22752,B3
22752,B4
22752,B5
22752,C2
22752,C3
22752,C4
22752,C5
22752,D2
22752,D3
22752,D4
22752,D5
22752,E2
22752,E3
22752,E4
22752,E5
22752,F2
22752,F3
22752,F4
22752,F5
22752,G2
22752,G3
22752,G4
22752,G5
22752,H2
22752,H3
22752,H4
22752,H5
16109,B2
16109,B3
16109,B4
16109,B5
16109,C2
16109,C3
16109,C4
16109,C5
16109,D2
16109,D3
16109,D4
16109,D5
16109,E2
16109,E3
16109,E4
16109,E5
16109,F2
16109,F3
16109,F4
16109,F5
16109,G2
16109,G3
16109,G4
16109,G5
16109,H2
16109,H3
16109,H4
16109,H5
16129,A1
16129,A2
16129,A3
16129,A4
16129,A5
16129,A6
16129,B1
16129,B2
16129,B3
16129,B4
16129,B5
16129,B6
16129,C1
16129,C2
16129,C3
16129,C4
16129,C5
16129,C6
16129,D1
16129,D2
16129,D3
16129,D4
16129,D5
16129,D6
16129,E1
16129,E2
16129,E3
16129,E4
16129,E5
16129,E6
16129,F1
16129,F2
16129,F3
16129,F4
16129,F5
16129,F6
16129,G1
16129,G2
16129,G3
16129,G4
16129,G5
14439,A2
14439,A3
14439,A4
14439,A5
14439,B2
14439,B3
14439,B4
14439,B5
14439,C2
14439,C3
14439,C4
14439,C5
14439,D1
14439,D2
14439,D3
14439,D4
14439,D5
14439,E1
14439,E2
14439,E3
14439,E4
14439,E5
14439,F1
14439,F2
14439,F3
14439,F4
14439,F5
14439,G1
14439,G2
14439,G3
14439,G4
14439,G5
14439,H2
14439,H3
14439,H4
14439,H5
14337,A1
14337,A2
14337,A3
14337,B1
14337,B2
14337,B3
14337,B4
14337,B5
14337,C1
14337,C2
14337,C3
14337,C4
14337,C5
14337,D1
14337,D2
14337,D3
14337,D4
14337,D5
14337,D6
14337,E1
14337,E2
14337,E3
14337,E4
14337,E5
14337,E6
14337,F1
14337,F2
14337,F3
14337,F4
14337,F5
14337,F6
14337,G1
14337,G2
14337,G3
14337,G4
14337,G5
14337,G6
14337,H1
14337,H2
14337,H3
16166,A2
16166,A3
16166,A4
16166,B2
16166,B3
16166,B4
16166,C1
16166,C2
16166,C3
16166,C4
16166,D1
16166,D2
16166,D3
16166,D4
16166,E1
16166,E2
16166,E3
16166,E4
16166,F1
16166,F2
16166,G1
16166,G2
16166,H1
16166,H2
16130,A1
16130,A2
16130,A3
16130,A4
16130,A5
16130,A6
16130,B1
16130,B2
16130,B3
16130,B4
16130,B5
16130,B6
16130,C1
16130,C2
16130,C3
16130,C4
16130,C5
16130,C6
16130,D1
16130,D2
16130,D3
16130,D4
16130,D5
16130,D6
16130,E1
16130,E2
16130,E3
16130,E4
16130,E5
16130,E6
16130,F1
16130,F2
16130,F3
16130,F4
16130,F5
16130,F6
16130,G1
16130,G2
16130,G3
16130,G4
16130,G5
16130,G6
16130,H1
16130,H2
16130,H3
16130,H4
16130,H5
16130,H6
14436,B3
14436,B4
14436,B5
14436,C3
14436,C4
14436,C5
14436,D2
14436,D3
14436,D4
14436,D5
14436,E2
14436,E3
14436,E4
14436,E5
14436,F2
14436,F3
14436,F4
14436,F5
14436,G2
14436,G3
14436,G4
14436,G5
14436,H2
14436,H3
14436,H4
14436,H5
14463,A1
14463,A2
14463,A3
14463,A4
14463,A5
14463,A6
14463,B1
14463,B2
14463,B3
14463,B4
14463,B5
14463,B6
14463,C1
14463,C2
14463,C3
14463,C4
14463,C5
14463,C6
14463,D1
14463,D2
14463,D3
14463,D4
14463,D5
14463,D6
14463,E1
14463,E2
14463,E3
14463,E4
14463,E5
14463,E6
14463,F1
14463,F2
14463,F3
14463,F4
14463,F5
14463,F6
14463,G1
14463,G2
14463,G3
14463,G4
14463,G5
14463,G6
14463,H1
14463,H2
14463,H3
14463,H4
14463,H5
14463,H6
14363,A1
14363,A2
14363,A3
14363,A4
14363,A5
14363,A6
14363,B1
14363,B2
14363,B3
14363,B4
14363,B5
14363,B6
14363,C1
14363,C2
14363,C3
14363,C4
14363,C5
14363,C6
14363,D1
14363,D2
14363,D3
14363,D4
14363,D5
14363,D6
14363,E1
14363,E2
14363,E3
14363,E4
14363,E5
14363,E6
14363,F1
14363,F2
14363,F3
14363,F4
14363,F5
14363,F6
14363,G1
14363,G2
14363,G3
14363,G4
14404,A2
14404,A3
14404,A4
14404,B1
14404,B2
14404,B3
14404,B4
14404,B5
14404,C1
14404,C2
14404,C3
14404,C4
14404,C5
14404,D1
14404,D2
14404,D3
14404,D4
14404,D5
14404,E1
14404,E2
14404,E3
14404,E4
14404,E5
14404,F1
14404,F2
14404,F3
14404,F4
14404,F5
14404,G1
14404,G2
14404,G3
14404,G4
14404,G5
14404,H1
14404,H2
14404,H3
14404,H4
14404,H5
16152,A2
16152,A3
16152,A4
16152,A5
16152,B2
16152,B3
16152,B4
16152,B5
16152,C2
16152,C3
16152,C4
16152,C5
16152,D2
16152,D3
16152,D4
16152,D5
16152,E2
16152,E3
16152,E4
16152,E5
16152,F2
16152,F3
16152,F4
16152,F5
16152,G2
16152,G3
16152,G4
16152,G5
16152,H2
16152,H3
16152,H4
16152,H5
16107,A2
16107,A3
16107,A4
16107,A5
16107,A6
16107,B2
16107,B3
16107,B4
16107,B5
16107,B6
16107,C2
16107,C3
16107,C4
16107,C5
16107,C6
16107,D2
16107,D3
16107,D4
16107,D5
16107,D6
16107,E2
16107,E3
16107,E4
16107,E5
16107,E6
16107,F2
16107,F3
16107,F4
16107,F5
16107,F6
16107,G2
16107,G3
16107,G4
16107,G5
16107,G6
16107,H2
16107,H3
16107,H4
16107,H5
16107,H6
14406,A2
14406,A3
14406,A4
14406,A5
14406,B2
14406,B3
14406,B4
14406,B5
14406,C2
14406,C3
14406,C4
14406,C5
14406,D2
14406,D3
14406,D4
14406,D5
14406,E2
14406,E3
14406,E4
14406,E5
14406,F2
14406,F3
14406,F4
14406,F5
14406,G2
14406,G3
14406,G4
14406,G5
14406,H2
14406,H3
14406,H4
14406,H5
14322,A2
14322,A3
14322,A4
14322,B2
14322,B3
14322,B4
14322,B5
14322,C2
14322,C3
14322,C4
14322,D2
14322,D3
14322,E2
14322,E3
14322,F2
14322,F3
14322,G2
14322,G3
14322,H2
14322,H3
28831,A2
28831,A3
28831,A4
28831,A5
28831,A6
28831,B2
28831,B3
28831,B4
28831,B5
28831,B6
28831,C2
28831,C3
28831,C4
28831,C5
28831,C6
28831,D2
28831,D3
28831,D4
28831,D5
28831,D6
28831,E2
28831,E3
28831,E4
28831,E5
28831,E6
28831,F2
28831,F3
28831,F4
28831,F5
28831,F6
28831,G2
28831,G3
28831,G4
28831,G5
28831,G6
28831,H2
28831,H3
28831,H4
28831,H5
28831,H6
28829,A1
28829,A2
28829,A3
28829,A4
28829,A5
28829,A6
28829,B1
28829,B2
28829,B3
28829,B4
28829,B5
28829,B6
28829,C1
28829,C2
28829,C3
28829,C4
28829,C5
28829,C6
28829,D1
28829,D2
28829,D3
28829,D4
28829,D5
28829,D6
28829,E1
28829,E2
28829,E3
28829,E4
28829,E5
28829,E6
28829,F1
28829,F2
28829,F3
28829,F4
28829,F5
28829,F6
28829,G1
28829,G2
28829,G3
28829,G4
28829,G5
28829,G6
28829,H1
28829,H2
28829,H3
28829,H4
28829,H5
28829,H6
16105,A2
16105,A3
16105,A4
16105,A5
16105,B2
16105,B3
16105,B4
16105,B5
16105,B6
16105,C2
16105,C3
16105,C4
16105,C5
16105,C6
16105,D2
16105,D3
16105,D4
16105,D5
16105,D6
16105,E2
16105,E3
16105,E4
16105,E5
16105,E6
16105,F2
16105,F3
16105,F4
16105,F5
16105,F6
16105,G2
16105,G3
16105,G4
16105,G5
16105,G6
16105,H2
16105,H3
16105,H4
16105,H5
16106,A2
16106,A3
16106,B1
16106,B2
16106,B3
16106,C1
16106,C2
16106,C3
16106,D1
16106,D2
16106,D3
16106,E1
16106,E2
16106,E3
16106,F1
16106,F2
16106,F3
16106,G1
16106,G2
16106,H1
16106,H2
14413,A0
14413,A1
14413,A2
14413,A3
14413,A4
14413,A5
14413,B0
14413,B1
14413,B2
14413,B3
14413,B4
14413,B5
14413,C0
14413,C1
14413,C2
14413,C3
14413,C4
14413,C5
14413,D0
14413,D1
14413,D2
14413,D3
14413,D4
14413,D5
14413,E0
14413,E1
14413,E2
14413,E3
14413,E4
14413,E5
14413,F0
14413,F1
14413,F2
14413,F3
14413,F4
14413,F5
14413,G0
14413,G1
14413,G2
14413,G3
14413,G4
14413,G5
14413,H0
14413,H1
14413,H2
14413,H3
14413,H4
14413,H5
14461,A2
14461,A3
14461,A4
14461,A5
14461,B1
14461,B2
14461,B3
14461,B4
14461,B5
14461,C1
14461,C2
14461,C3
14461,C4
14461,C5
14461,D1
14461,D2
14461,D3
14461,D4
14461,D5
14461,E1
14461,E2
14461,E3
14461,E4
14461,E5
14461,F1
14461,F2
14461,F3
14461,F4
14461,F5
14461,G1
14461,G2
14461,G3
14461,G4
14461,G5
14461,H2
14461,H3
14461,H4
14387,D3
14387,D4
14387,D5
14387,E3
14387,E4
14387,E5
14387,F3
14387,F4
14387,F5
14387,G2
14387,G3
14387,G4
14387,G5
14387,H2
14387,H3
14387,H4
14387,H5
14405,A1
14405,A2
14405,A3
14405,A4
14405,A5
14405,A6
14405,B1
14405,B2
14405,B3
14405,B4
14405,B5
14405,B6
14405,C1
14405,C2
14405,C3
14405,C4
14405,C5
14405,C6
14405,D1
14405,D2
14405,D3
14405,D4
14405,D5
14405,D6
14405,E1
14405,E2
14405,E3
14405,E4
14405,E5
14405,E6
14405,F1
14405,F2
14405,F3
14405,F4
14405,F5
14405,F6
14405,G1
14405,G2
14405,G3
14405,G4
14405,G5
14405,G6
14405,H1
14405,H2
14405,H3
14405,H4
14405,H5
14405,H6
16080,A1
16080,A2
16080,A3
16080,A4
16080,A5
16080,B1
16080,B2
16080,B3
16080,B4
16080,B5
16080,C1
16080,C2
16080,C3
16080,C4
16080,C5
16080,D1
16080,D2
16080,D3
16080,D4
16080,D5
16080,E1
16080,E2
16080,E3
16080,E4
16080,E5
16080,F1
16080,F2
16080,F3
16080,F4
16080,F5
16080,G1
16080,G2
16080,G3
16080,G4
16080,G5
16080,H1
16080,H2
16080,H3
16080,H4
16080,H5
16169,A2
16169,A3
16169,A4
16169,A5
16169,B1
16169,B2
16169,B3
16169,B4
16169,B5
16169,C1
16169,C2
16169,C3
16169,C4
16169,C5
16169,D1
16169,D2
16169,D3
16169,D4
16169,D5
16169,E1
16169,E2
16169,E3
16169,E4
16169,F1
16169,F2
16169,F3
16169,F4
16169,G1
16169,G2
16169,G3
16169,G4
16169,H1
16169,H2
16169,H3
16169,H4
16103,C2
16103,C3
16103,C4
16103,D2
16103,D3
16103,D4
16103,E2
16103,E3
16103,E4
16103,F2
16103,F3
16103,G2
16103,G3
16103,G4
16103,G5
16103,H2
16103,H3
16103,H4
16103,H5
14462,A2
14462,A3
14462,A4
14462,A5
14462,A6
14462,B2
14462,B3
14462,B4
14462,B5
14462,B6
14462,C2
14462,C3
14462,C4
14462,C5
14462,C6
14462,D2
14462,D3
14462,D4
14462,D5
14462,E2
14462,E3
14462,E4
14462,E5
14462,E6
14462,F5
14462,F6
14462,G2
14462,G3
14462,G4
14462,G5
14462,G6
14462,H2
14462,H3
14462,H4
14462,H5
14462,H6
16082,A1
16082,A2
16082,A3
16082,A4
16082,A5
16082,A6
16082,B1
16082,B2
16082,B3
16082,B4
16082,B5
16082,B6
16082,C1
16082,C2
16082,C3
16082,C4
16082,C5
16082,C6
16082,D1
16082,D2
16082,D3
16082,D4
16082,D5
16082,D6
16082,E2
16082,E3
16082,E4
16082,F2
16082,F3
16082,F4
16082,G2
16082,G3
16082,G4
16082,G5
16082,G6
16082,H2
16082,H3
16082,H4
16082,H5
16082,H6
14414,A2
14414,A3
14414,A4
14414,A5
14414,B2
14414,B3
14414,B4
14414,B5
14414,C2
14414,C3
14414,C4
14414,C5
14414,D3
14414,D4
14414,D5
14414,E3
14414,E4
14414,E5
14414,F3
14414,F4
14414,F5
14414,G2
14414,G3
14414,H2
14414,H3
14435,A1
14435,A2
14435,A3
14435,A4
14435,B1
14435,B2
14435,B3
14435,B4
14435,B5
14435,C2
14435,C3
14435,C4
14435,C5
14435,C6
14435,D3
14435,D4
14435,D5
14435,D6
14435,E1
14435,E2
14435,E3
14435,E4
14435,E5
14435,E6
14435,F1
14435,F2
14435,F3
14435,F4
14435,F5
14435,F6
14435,G1
14435,G2
14435,G3
14435,G4
14435,G5
14435,G6
14435,H1
14435,H2
14435,H3
14440,A1
14440,A2
14440,A3
14440,A4
14440,A5
14440,A6
14440,B1
14440,B2
14440,B3
14440,B4
14440,B5
14440,B6
14440,C1
14440,C2
14440,C3
14440,C4
14440,C5
14440,C6
14440,D1
14440,D2
14440,D3
14440,D4
14440,D5
14440,D6
14440,E1
14440,E2
14440,E3
14440,E4
14440,E5
14440,E6
14440,F1
14440,F2
14440,F3
14440,F4
14440,F5
14440,F6
14440,G2
14440,G3
14440,G4
14440,G5
14440,G6
22591,A1
22591,A2
22591,A3
22591,A4
22591,A5
22591,A6
22591,B1
22591,B2
22591,B3
22591,B4
22591,B5
22591,B6
22591,C1
22591,C2
22591,C3
22591,C4
22591,C5
22591,C6
22591,D1
22591,D2
22591,D3
22591,D4
22591,D5
22591,D6
22591,E1
22591,E2
22591,E3
22591,E4
22591,E5
22591,E6
22591,F1
22591,F2
22591,F3
22591,F4
22591,F5
22591,F6
22591,G1
22591,G2
22591,G3
22591,G4
22591,G5
22591,G6
22591,H1
22591,H2
22591,H3
22591,H4
22591,H5
22591,H6
22557,A3
22557,A4
22557,A5
22557,A6
22557,B3
22557,B4
22557,B5
22557,B6
22557,C3
22557,C4
22557,C5
22557,C6
22557,D2
22557,D3
22557,D4
22557,D5
22557,E2
22557,E3
22557,E4
22557,E5
22557,F2
22557,F3
22557,F4
22557,F5
22557,F6
22557,G2
22557,G3
22557,G4
22557,G5
22557,G6
22557,H2
22557,H3
22557,H4
22557,H5
22557,H6
22674,A2
22674,A3
22674,A4
22674,A5
22674,B2
22674,B3
22674,B4
22674,B5
22674,B6
22674,C2
22674,C3
22674,C4
22674,C5
22674,C6
22674,D2
22674,D3
22674,D4
22674,D5
22674,D6
22674,E2
22674,E3
22674,E4
22674,E5
22674,F2
22674,F3
22674,F4
22674,F5
22674,G2
22674,G3
22674,G4
22674,G5
22674,H2
22674,H3
22674,H4
22674,H5
22674,756
22590,A2
22590,A3
22590,A4
22590,A5
22590,B2
22590,B3
22590,B4
22590,B5
22590,C2
22590,C3
22590,C4
22590,C5
22590,D2
22590,D3
22590,D4
22590,D5
22590,E2
22590,E3
22590,E4
22590,E5
22590,F2
22590,F3
22590,F4
22590,F5
22590,G2
22590,G3
22590,G4
22590,G5
22590,H2
22590,H3
22590,H4
22590,H5
15854,A2
15854,A3
15854,A4
15854,A5
15854,B2
15854,B3
15854,B4
15854,B5
15854,C2
15854,C3
15854,C4
15854,C5
15854,D2
15854,D3
15854,D4
15854,D5
15854,E2
15854,E3
15854,E4
15854,E5
15854,F2
15854,F3
15854,F4
15854,F5
15854,G2
15854,G3
15854,G4
15854,G5
15854,H2
15854,H3
15854,H4
15854,H5
14576,A2
14576,A3
14576,A4
14576,A5
14576,A6
14576,B2
14576,B3
14576,B4
14576,B5
14576,B6
14576,C2
14576,C3
14576,C4
14576,C5
14576,C6
14576,D2
14576,D3
14576,D4
14576,D5
14576,D6
14576,E2
14576,E3
14576,E4
14576,E5
14576,E6
14576,F2
14576,F3
14576,F4
14576,F5
14576,F6
14576,G2
14576,G3
14576,G4
14576,G5
14576,G6
14576,H2
14576,H3
14576,H4
14576,H5
14576,H6
14579,A2
14579,A3
14579,A4
14579,A5
14579,B2
14579,B3
14579,B4
14579,B5
14579,C2
14579,C3
14579,C4
14579,C5
14579,D2
14579,D3
14579,D4
14579,D5
14579,E2
14579,E3
14579,E4
14579,E5
14579,F2
14579,F3
14579,F4
14579,F5
14579,G2
14579,G3
14579,G4
14579,G5
14606,A2
14606,A3
14606,A4
14606,A5
14606,B2
14606,B3
14606,B4
14606,B5
14606,C2
14606,C3
14606,C4
14606,C5
14606,D2
14606,D3
14606,D4
14606,D5
14606,E2
14606,E3
14606,E4
14606,E5
14606,F2
14606,F3
14606,F4
14606,F5
14606,G2
14606,G3
14606,G4
14606,G5
14606,H2
14606,H3
14606,H4
14606,H5
22757,A2
22757,A3
22757,A4
22757,A5
22757,B2
22757,B3
22757,B4
22757,B5
22757,C2
22757,C3
22757,C4
22757,C5
22757,D2
22757,D3
22757,D4
22757,E2
22757,E3
22757,E4
22757,E5
22757,F2
22757,F3
22757,F4
22757,F5
22757,G2
22757,G3
22757,G4
22757,G5
22757,H2
22757,H3
22757,H4
22758,D2
22758,E2
22758,E3
22758,E4
22758,E5
22758,F2
22758,F3
22758,F4
22758,F5
22758,G2
22758,G3
22758,G4
22758,G5
22758,H2
22758,H3
22758,H4
22758,H5
22694,B2
22694,B3
22694,B4
22694,C1
22694,C2
22694,C3
22694,C4
22694,C5
22694,D1
22694,D2
22694,D3
22694,D4
22694,D5
22694,E1
22694,E2
22694,E3
22694,E4
22694,E5
22694,F1
22694,F2
22694,F3
22694,F4
22694,F5
22694,G1
22694,G2
22694,G3
22694,G4
22694,G5
22694,H2
22694,H3
22694,H4
22760,A1
22760,A2
22760,B1
22760,B2
22760,C1
22760,C2
22760,D4
22760,D5
22760,E2
22760,E3
22760,E4
22760,E5
22760,F2
22760,F3
22760,F4
22760,F5
22760,G2
22760,G3
22760,G4
22760,H2
22760,H3
22760,H4
22695,A1
22695,A2
22695,A3
22695,A4
22695,A5
22695,A6
22695,B1
22695,B2
22695,B3
22695,B4
22695,B5
22695,B6
22695,C1
22695,C2
22695,C3
22695,C4
22695,C5
22695,C6
22695,D1
22695,D2
22695,D3
22695,D4
22695,D5
22695,D6
22695,E1
22695,E2
22695,E3
22695,E4
22695,E5
22695,E6
22695,F1
22695,F2
22695,F3
22695,F4
22695,F5
22695,F6
22695,G1
22695,G2
22695,G3
22695,G4
22695,G5
22695,G6
22695,H1
22695,H2
22695,H3
22695,H4
22695,H5
22695,545
22759,A2
22759,A3
22759,A4
22759,A5
22759,A6
22759,B2
22759,B3
22759,B4
22759,B5
22759,B6
22759,C2
22759,C3
22759,C4
22759,C5
22759,C6
22759,D2
22759,D3
22759,D4
22759,D5
22759,D6
22759,E2
22759,E3
22759,E4
22759,E5
22759,E6
22759,F2
22759,F3
22759,F4
22759,F5
22759,G2
22759,G3
22759,G4
22759,G5
22759,H2
22759,H3
22759,H4
22759,H5
22555,A2
22555,A3
22555,A4
22555,B2
22555,B3
22555,B4
22555,C2
22555,C3
22555,C4
22555,D2
22555,D3
22555,D4
22555,E2
22555,E3
22555,E4
22555,F2
22555,F3
22555,F4
22555,G2
22555,G3
22555,G4
22555,G5
22555,H2
22555,H3
22555,H4
22555,H5
2979,A2
2979,A3
2979,A4
2979,A5
2979,B2
2979,B3
2979,B4
2979,B5
2979,C2
2979,C3
2979,C4
2979,C5
2979,D2
2979,D3
2979,D4
2979,D5
2979,E2
2979,E3
2979,E4
2979,E5
2979,F2
2979,F3
2979,F4
2979,F5
2979,G2
2979,G3
2979,G4
2979,G5
2979,H2
2979,H3
2979,H4
2979,H5
22703,B3
22703,B4
22703,B5
22703,C2
22703,C3
22703,C4
22703,C5
22703,D2
22703,D3
22703,D4
22703,D5
22703,D6
22703,E2
22703,E3
22703,E4
22703,E5
22703,E6
22703,F2
22703,F3
22703,F4
22703,F5
22703,F6
22703,G2
22703,G3
22703,G4
22703,H2
22703,H3
22703,H4
2977,A2
2977,A3
2977,A4
2977,A5
2977,B2
2977,B3
2977,B4
2977,B5
2977,C2
2977,C3
2977,C4
2977,C5
2977,D2
2977,D3
2977,D4
2977,D5
2977,E2
2977,E3
2977,E4
2977,E5
2977,F2
2977,F3
2977,F4
2977,F5
2977,G2
2977,G3
2977,G4
2977,G5
2977,H2
2977,H3
2977,H4
2977,H5
2972,C3
2972,C4
2972,C5
2972,D3
2972,D4
2972,D5
2972,E3
2972,E4
2972,E5
2972,F3
2972,F4
2972,F5
2972,G3
2972,G4
2972,G5
2972,H3
2972,H4
2972,H5
2971,D2
2971,D3
2971,D4
2971,D5
2971,E2
2971,E3
2971,E4
2971,E5
2971,F2
2971,F3
2971,F4
2971,F5
2971,G2
2971,G3
2971,H2
2971,H3
2936,A3
2936,A4
2936,A5
2936,B2
2936,B3
2936,B4
2936,B5
2936,C2
2936,C3
2936,C4
2936,C5
2936,D2
2936,D3
2936,D4
2936,D5
2936,E2
2936,E3
2936,E4
2936,E5
2936,F2
2936,F3
2936,F4
2936,G2
2936,G3
2936,G4
2935,C2
2935,C3
2935,C4
2935,C5
2935,D2
2935,D3
2935,D4
2935,D5
2935,E2
2935,E3
2935,E4
2935,E5
2935,F2
2935,F3
2935,F4
2935,F5
2934,B3
2934,B4
2934,B5
2934,C3
2934,C4
2934,C5
2934,D2
2934,D3
2934,D4
2934,D5
2934,E2
2934,E3
2934,E4
2934,F2
2934,F3
2934,F4
22592,A1
22592,A2
22592,A3
22592,A4
22592,A5
22592,A6
22592,B1
22592,B2
22592,B3
22592,B4
22592,B5
22592,B6
22592,C1
22592,C2
22592,C3
22592,C4
22592,C5
22592,C6
22592,D1
22592,D2
22592,D3
22592,D4
22592,D5
22592,D6
22592,E1
22592,E2
22592,E3
22592,E4
22592,E5
22592,E6
22592,F1
22592,F2
22592,F3
22592,F4
22592,F5
22592,F6
22592,G2
22592,G3
22592,G4
22592,G5
22592,G6
22592,H2
22592,H3
22592,H4
22592,H5
22592,H6
22747,A2
22747,A3
22747,A4
22747,A5
22747,A6
22747,B2
22747,B3
22747,B4
22747,B5
22747,B6
22747,C2
22747,C3
22747,C4
22747,C5
22747,C6
22747,D2
22747,D3
22747,D4
22747,D5
22747,D6
22747,E2
22747,E3
22747,E4
22747,E5
22747,F2
22747,F3
22747,F4
22747,F5
22747,G2
22747,G3
22747,G4
22747,G5
22747,H2
22747,H3
22747,H4
22747,H5
22744,A2
22744,A3
22744,A4
22744,A5
22744,B1
22744,B2
22744,B3
22744,B4
22744,B5
22744,C1
22744,C2
22744,C3
22744,C4
22744,C5
22744,D1
22744,D2
22744,D3
22744,D4
22744,D5
22744,E1
22744,E2
22744,E3
22744,E4
22744,E5
22744,F1
22744,F2
22744,F3
22744,F4
22744,F5
22744,G2
22744,G3
22744,G4
22744,G5
22744,H2
22744,H3
22744,H4
22744,H5
22756,A2
22756,A3
22756,A4
22756,A5
22756,B2
22756,B3
22756,B4
22756,B5
22756,C5
22756,C6
22756,D5
22756,D6
22756,E1
22756,E2
22756,E5
22756,E6
22756,F1
22756,F2
22756,F3
22756,F4
22756,F5
22756,F6
22756,G1
22756,G2
22756,G3
22756,G4
22756,G5
22756,G6
22756,H2
22756,H3
22756,H4
22756,H5
22756,H6
22673,A2
22673,A3
22673,A4
22673,A5
22673,B2
22673,B3
22673,B4
22673,B5
22673,B6
22673,C2
22673,C3
22673,C4
22673,C5
22673,C6
22673,D1
22673,D2
22673,D3
22673,D4
22673,D5
22673,D6
22673,E1
22673,E2
22673,E3
22673,E4
22673,E5
22673,E6
22673,F1
22673,F2
22673,F3
22673,F4
22673,F5
22673,F6
22673,G1
22673,G2
22673,G3
22673,G4
22673,G5
22673,G6
22673,H2
22673,H3
22673,H4
22673,H5
22673,H6
28756,A2
28756,A3
28756,A4
28756,A5
28756,B2
28756,B3
28756,B4
28756,B5
28756,C2
28756,C3
28756,C4
28756,C5
28756,D2
28756,D3
28756,D4
28756,D5
28756,E2
28756,E3
28756,E4
28756,E5
28756,F2
28756,F3
28756,F4
28756,F5
28756,G2
28756,G3
28756,G4
28756,G5
28756,H2
28756,H3
28756,H4
28756,H5
28773,A2
28773,A3
28773,A4
28773,A5
28773,B2
28773,B3
28773,B4
28773,B5
28773,C2
28773,C3
28773,C4
28773,C5
28773,D2
28773,D3
28773,D4
28773,D5
28773,E2
28773,E3
28773,E4
28773,E5
28773,F2
28773,F3
28773,F4
28773,F5
28773,G2
28773,G3
28773,G4
28773,G5
28773,H2
28773,H3
28773,H4
28774,A2
28774,A3
28774,A4
28774,A5
28774,B2
28774,B3
28774,B4
28774,B5
28774,C2
28774,C3
28774,C4
28774,C5
28774,D2
28774,D3
28774,D4
28774,D5
28774,E2
28774,E3
28774,E4
28774,E5
28774,F2
28774,F3
28774,F4
28774,F5
28774,G2
28774,G3
28774,G4
28774,G5
22713,A2
22713,A3
22713,A4
22713,A5
22713,B2
22713,B3
22713,B4
22713,B5
22713,C1
22713,C2
22713,C3
22713,C4
22713,C5
22713,D1
22713,D2
22713,D3
22713,D4
22713,D5
22713,E1
22713,E2
22713,E3
22713,E4
22713,E5
22713,F2
22713,F3
22713,F4
22713,F5
22713,G1
22713,G2
22713,G3
22713,G4
22713,G5
22713,H1
22713,H2
22713,H3
22713,H4
22713,H5
22701,A1
22701,A2
22701,A3
22701,A4
22701,A5
22701,A6
22701,B1
22701,B2
22701,B3
22701,B4
22701,B5
22701,B6
22701,C1
22701,C2
22701,C3
22701,C4
22701,C5
22701,C6
22701,D1
22701,D2
22701,D3
22701,D4
22701,D5
22701,D6
22701,E1
22701,E2
22701,E3
22701,E4
22701,E5
22701,E6
22701,F1
22701,F2
22701,F3
22701,F4
22701,F5
22701,F6
22701,G1
22701,G2
22701,G3
22701,G4
22701,G5
22701,G6
22701,H1
22701,H2
22701,H3
22701,H4
22701,H5
22701,H6
22565,A4
22565,A5
22565,A6
22565,B4
22565,B5
22565,B6
22565,C2
22565,C3
22565,C4
22565,C5
22565,C6
22565,D2
22565,D3
22565,D4
22565,D5
22565,E2
22565,E3
22565,E4
22565,E5
22565,F2
22565,F3
22565,F4
22565,F5
22565,G1
22565,G2
22565,G3
22565,G4
22565,G5
22565,H1
22565,H2
22565,H3
22565,H4
22565,H5
22672,A1
22672,A2
22672,A3
22672,A4
22672,A5
22672,B1
22672,B2
22672,B3
22672,B4
22672,B5
22672,C1
22672,C2
22672,C3
22672,C4
22672,C5
22672,D1
22672,D2
22672,D3
22672,D4
22672,D5
22672,E1
22672,E2
22672,E3
22672,E4
22672,E5
22672,F1
22672,F2
22672,F3
22672,F4
22672,F5
22672,G1
22672,G2
22672,G3
22672,G4
22672,G5
22672,H1
22672,H2
22672,H3
22672,H4
22672,H5
22748,A1
22748,A2
22748,A3
22748,A4
22748,A5
22748,B1
22748,B2
22748,B3
22748,B4
22748,B5
22748,C1
22748,C2
22748,C3
22748,C4
22748,C5
22748,D1
22748,D2
22748,D3
22748,D4
22748,D5
22748,E1
22748,E2
22748,E3
22748,E4
22748,E5
22748,F1
22748,F2
22748,F3
22748,F4
22748,F5
22748,G2
22748,G3
22748,G4
22748,G5
22748,H2
22748,H3
22748,H4
22748,H5
22751,A1
22751,A2
22751,A3
22751,A4
22751,A5
22751,A6
22751,B1
22751,B2
22751,B3
22751,B4
22751,B5
22751,B6
22751,C1
22751,C2
22751,C3
22751,C4
22751,C5
22751,C6
22751,D1
22751,D2
22751,D3
22751,D4
22751,D5
22751,D6
22751,E1
22751,E2
22751,E3
22751,E4
22751,E5
22751,E6
22751,F1
22751,F2
22751,F3
22751,F4
22751,F5
22751,F6
22751,G1
22751,G2
22751,G3
22751,G4
22751,G5
22751,G6
22751,H1
22751,H2
22751,H3
22751,H4
22751,H5
22751,H6
16104,A1
16104,A2
16104,A3
16104,A4
16104,A5
16104,A6
16104,B1
16104,B2
16104,B3
16104,B4
16104,B5
16104,B6
16104,C1
16104,C2
16104,C3
16104,C4
16104,C5
16104,C6
16104,D1
16104,D2
16104,D3
16104,D4
16104,D5
16104,D6
16104,E1
16104,E2
16104,E3
16104,E4
16104,E5
16104,E6
16104,F1
16104,F2
16104,F3
16104,F4
16104,F5
16104,F6
16104,G1
16104,G2
16104,G3
16104,G4
16104,G5
16104,G6
16104,H1
16104,H2
16104,H3
16104,H4
16104,H5
16104,H6
14384,A1
14384,A2
14384,A3
14384,B1
14384,B2
14384,B3
14384,B4
14384,B5
14384,C1
14384,C2
14384,C3
14384,C4
14384,C5
14384,D1
14384,D2
14384,D3
14384,D4
14384,D5
14384,E1
14384,E2
14384,E3
14384,E4
14384,E5
14384,F1
14384,F2
14384,F3
14384,F4
14384,F5
14384,G2
14384,G3
14384,G4
14384,G5
14384,H2
14384,H3
14384,H4
14384,H5
14411,B1
14411,B2
14411,B3
14411,B4
14411,B5
14411,B6
14411,C1
14411,C2
14411,C3
14411,C4
14411,C5
14411,C6
14411,D1
14411,D2
14411,D3
14411,D4
14411,D5
14411,D6
14411,E1
14411,E2
14411,E3
14411,E4
14411,E5
14411,E6
14411,F1
14411,F2
14411,F3
14411,F4
14411,F5
14411,F6
14411,G3
14411,G4
14411,G5
14411,G6
14411,H3
14411,H4
14411,H5
14411,H6
16159,B3
16159,B4
16159,B5
16159,C2
16159,C3
16159,C4
16159,C5
16159,D2
16159,D3
16159,D4
16159,D5
16159,E1
16159,E2
16159,E3
16159,E4
16159,E5
16159,F1
16159,F2
16159,F3
16159,F4
16159,F5
16159,G1
16159,G2
16159,G3
16159,G4
16159,G5
16159,H2
16159,H3
16159,H4
16159,H5
14460,A1
14460,A2
14460,A3
14460,B1
14460,B2
14460,B3
14460,E5
14460,E6
14460,F5
14460,F6
14460,G2
14460,G3
14460,G4
14460,G5
14460,G6
14460,H2
14460,H3
14460,H4
14460,H5
16125,C3
16125,C4
16125,C5
16125,D3
16125,D4
16125,D5
16125,D6
16125,E3
16125,E4
16125,E5
16125,E6
16125,F3
16125,F4
16125,F5
16125,F6
16125,G5
16125,G6
16125,H5
16125,H6
14465,A1
14465,A2
14465,A3
14465,A4
14465,A5
14465,B1
14465,B2
14465,B3
14465,B4
14465,B5
14465,C1
14465,C2
14465,C3
14465,C4
14465,C5
14465,D1
14465,D2
14465,D3
14465,D4
14465,D5
14465,E2
14465,E3
14465,E4
14465,F2
14465,F3
14465,F4
14465,G2
14465,G3
14465,G4
14465,H2
14465,H3
14465,H4
14362,A1
14362,A2
14362,A3
14362,A4
14362,A5
14362,B1
14362,B2
14362,B3
14362,B4
14362,B5
14362,B6
14362,C1
14362,C2
14362,C3
14362,C4
14362,C5
14362,C6
14362,D1
14362,D2
14362,D3
14362,D4
14362,D5
14362,D6
14362,E1
14362,E2
14362,E3
14362,E4
14362,E5
14362,E6
14362,F1
14362,F2
14362,F3
14362,F4
14362,F5
14362,F6
14362,G1
14362,G2
14362,G3
14362,G4
14362,G5
14362,G6
14362,H1
14362,H2
14362,H3
14362,H4
14362,H5
14362,H6
14309,C2
14309,C3
14309,D2
14309,D3
14309,E2
14309,E3
14433,B4
14433,B5
14433,C4
14433,C5
14433,D4
14433,D5
14433,E2
14433,E3
14433,E4
14433,F2
14433,F3
14433,F4
14433,G2
14433,G3
14433,G4
16081,A1
16081,A2
16081,A3
16081,A4
16081,B1
16081,B2
16081,B3
16081,B4
16081,B5
16081,C1
16081,C2
16081,C3
16081,C4
16081,C5
16081,D1
16081,D2
16081,D3
16081,D4
16081,D5
16081,E1
16081,E2
16081,E3
16081,E4
16081,E5
16081,F2
16081,F3
16081,F4
16081,F5
16081,G1
16081,G2
16081,G3
16081,G4
16081,G5
16081,H1
16081,H2
16081,H3
16081,H4
16081,H5
14441,A2
14441,A3
14441,A4
14441,A5
14441,A6
14441,B1
14441,B2
14441,B3
14441,B4
14441,B5
14441,B6
14441,C1
14441,C2
14441,C3
14441,C4
14441,C5
14441,C6
14441,D1
14441,D2
14441,D3
14441,D4
14441,D5
14441,D6
14441,E1
14441,E2
14441,E3
14441,E4
14441,E5
14441,E6
14441,F1
14441,F2
14441,F3
14441,F4
14441,F5
14441,F6
14441,G1
14441,G2
14441,G3
14441,G4
14441,G5
14441,G6
14441,H1
14441,H2
14441,H3
14441,H4
14441,H5
16171,F1
16171,G1
16171,H1
14442,A1
14442,A2
14442,A3
14442,A4
14442,A5
14442,B1
14442,B2
14442,B3
14442,B4
14442,B5
14442,C1
14442,C2
14442,C3
14442,D1
14442,D2
14442,D3
14442,E1
14442,E2
14442,E3
14442,F1
14442,F2
14442,F3
14442,G1
14442,G2
14442,G3
14442,H2
14442,H3
16132,A1
16132,A2
16132,B1
16132,B2
16132,C1
16132,C2
16132,D1
16132,D2
16132,E1
16132,E2
16132,F1
16132,F2
16132,G1
16132,G2
16132,H1
16132,H2
14321,E2
14321,E3
14321,E4
14321,F2
14321,F3
14321,F4
14321,G2
14321,G3
14321,G4
14321,H2
14321,H3
14321,H4
14403,B2
14403,B3
14403,C2
14403,C3
14403,D2
14403,D3
14403,E2
14403,E3
14403,F2
14403,F3
14403,G2
14403,G3
14403,H2
14403,H3
14407,A1
14407,A2
14407,A3
14407,A4
14407,A5
14407,B1
14407,B2
14407,B3
14407,B4
14407,B5
14407,C2
14407,C3
14407,C4
14407,C5
14407,D2
14407,D3
14407,D4
14407,D5
14407,E2
14407,E3
14407,E4
14407,E5
14407,F2
14407,F3
14407,F4
14407,F5
14407,G2
14407,G3
14407,G4
14407,G5
14407,H2
14407,H3
14407,H4
14407,H5
16158,A1
16158,A2
16158,A3
16158,A4
16158,A5
16158,B1
16158,B2
16158,B3
16158,B4
16158,B5
16158,C2
16158,C3
16158,C4
16158,C5
16158,D2
16158,D3
16158,D4
16158,D5
16158,E2
16158,E3
16158,E4
16158,E5
16158,F2
16158,F3
16158,F4
16158,F5
16158,G3
16158,G4
16158,H3
16158,H4
14437,A2
14437,A3
14437,A4
14437,A5
14437,B2
14437,B3
14437,B4
14437,B5
14437,C2
14437,C3
14437,C4
14437,C5
14437,D2
14437,D3
14437,D4
14437,D5
14437,E2
14437,E3
14437,E4
14437,E5
14437,F2
14437,F3
14437,F4
14437,F5
14437,G2
14437,G3
14437,G4
14437,G5
14437,H2
14437,H3
14437,H4
14437,H5
16131,A2
16131,A3
16131,A4
16131,A5
16131,B2
16131,B3
16131,B4
16131,B5
16131,B6
16131,C2
16131,C3
16131,C4
16131,C5
16131,C6
16131,D2
16131,D3
16131,D4
16131,D5
16131,D6
16131,E2
16131,E3
16131,E4
16131,E5
16131,F2
16131,F3
16131,F4
16131,F5
16131,F6
16131,G3
16131,G4
16131,G5
16131,G6
16131,H3
16131,H4
16131,H5
16131,H6
14338,A1
14338,A2
14338,A4
14338,A5
14338,B1
14338,B2
14338,B4
14338,B5
14338,C1
14338,C2
14338,C3
14338,C4
14338,C5
14338,D1
14338,D2
14338,D3
14338,D4
14338,D5
14338,E1
14338,E2
14338,E3
14338,E4
14338,E5
14338,F1
14338,F2
14338,F3
14338,F4
14338,F5
14338,G1
14338,G2
14338,G3
14338,G4
14338,G5
14338,H1
14338,H2
14408,A1
14408,A2
14408,A3
14408,A4
14408,A5
14408,B1
14408,B2
14408,B3
14408,B4
14408,B5
14408,C1
14408,C2
14408,C3
14408,C4
14408,C5
14408,D1
14408,D2
14408,D3
14408,D4
14408,D5
14408,E1
14408,E2
14408,E3
14408,E4
14408,E5
14408,F1
14408,F2
14408,F3
14408,F4
14408,F5
14408,G1
14408,G2
14408,G3
14408,G4
14408,G5
14408,H1
14408,H2
14408,H3
14408,H4
14408,H5
16164,A1
16164,A2
16164,A3
16164,A4
16164,A5
16164,B1
16164,B2
16164,B3
16164,B4
16164,B5
16164,C1
16164,C2
16164,C3
16164,C4
16164,C5
16164,D1
16164,D2
16164,D3
16164,D4
16164,D5
16164,E1
16164,E2
16164,E3
16164,E4
16164,E5
16164,F1
16164,F2
16164,F3
16164,F4
16164,F5
16164,G1
16164,G2
16164,G3
16164,G4
16164,G5
16164,H1
16164,H2
16164,H3
16164,H4
16164,H5
